corpus	doc	classify_exit	classify_code	extract_exit	extract_code	extract_message	pages_authorized	pages_processed	pages_failed	pages_unsupported	pages_quarantined	pages_not_attempted	terminal	limitation_codes	artifact_bytes	extract_wall_s
gate	irs-f1040sd-2025.pdf	0		0			2	2	0	0	0	0	complete	backend-xref-strict-20-byte;form-xobject-text-not-descended;geometry-absent-not-groundable;image-payload-not-embedded;low-contrast-not-detected;markdown-table-spans-flattened;non-text-nodes-not-projected;page-raster-not-emitted;predefined-cmaps-not-vendored;reading-order-geometric-only;ruled-table-candidate-refused;stroke-ruled-table-candidate-refused;tagged-table-without-geometric-table;undrawn-table-edges-not-supplied;unruled-table-candidate-refused;xfa-forms-not-extracted	670536	0.024
gate	irs-fw9.pdf	1		0			6	6	0	0	0	0	complete	backend-xref-strict-20-byte;form-xobject-text-not-descended;geometry-absent-not-groundable;image-payload-not-embedded;low-contrast-not-detected;markdown-table-spans-flattened;non-text-nodes-not-projected;page-raster-not-emitted;predefined-cmaps-not-vendored;reading-order-geometric-only;ruled-table-candidate-refused;tagged-table-without-geometric-table;undrawn-table-edges-not-supplied;unruled-table-candidate-refused;xfa-forms-not-extracted	836259	0.028
gate	nist-sp-800-161r1.pdf	1		0			327	327	0	0	0	0	complete	backend-xref-strict-20-byte;broken-font-encoding;composite-font-codes-from-tounicode;form-xobject-text-not-descended;geometry-absent-not-groundable;image-payload-not-embedded;low-contrast-not-detected;markdown-table-spans-flattened;non-text-nodes-not-projected;off-page-text;page-raster-not-emitted;predefined-cmaps-not-vendored;reading-order-geometric-only;ruled-table-candidate-refused;structure-item-without-content;structure-mcid-unbound;tagged-table-without-geometric-table;undrawn-table-edges-not-supplied;unruled-table-candidate-refused	284841338	3.656
gate	nist-sp-800-171r3.pdf	1		0			120	120	0	0	0	0	complete	backend-xref-strict-20-byte;broken-font-encoding;composite-font-codes-from-tounicode;form-xobject-text-not-descended;form-xobjects-not-descended;geometry-absent-not-groundable;image-payload-not-embedded;low-contrast-not-detected;markdown-table-spans-flattened;non-text-nodes-not-projected;off-page-text;page-raster-not-emitted;predefined-cmaps-not-vendored;reading-order-geometric-only;ruled-table-candidate-refused;structure-item-without-content;structure-mcid-unbound;tagged-table-without-geometric-table;undrawn-table-edges-not-supplied;unruled-table-candidate-refused	85940720	1.121
gate	nist-sp-800-207.pdf	1		0			59	59	0	0	0	0	complete	backend-xref-strict-20-byte;broken-font-encoding;composite-font-codes-from-tounicode;form-xobject-text-not-descended;geometry-absent-not-groundable;image-payload-not-embedded;low-contrast-not-detected;markdown-table-spans-flattened;non-text-nodes-not-projected;off-page-text;page-raster-not-emitted;predefined-cmaps-not-vendored;reading-order-geometric-only;ruled-table-candidate-refused;structure-item-without-content;structure-mcid-unbound;tagged-table-without-geometric-table;undrawn-table-edges-not-supplied;unruled-table-candidate-refused	44743808	0.585
gate	nist-sp-800-218.pdf	1		0			36	36	0	0	0	0	complete	backend-xref-strict-20-byte;broken-font-encoding;composite-font-codes-from-tounicode;form-xobject-text-not-descended;geometry-absent-not-groundable;image-payload-not-embedded;low-contrast-not-detected;markdown-table-spans-flattened;non-text-nodes-not-projected;off-page-text;page-raster-not-emitted;predefined-cmaps-not-vendored;reading-order-geometric-only;ruled-table-candidate-refused;structure-item-without-content;structure-mcid-unbound;tagged-table-without-geometric-table;undrawn-table-edges-not-supplied;unruled-table-candidate-refused	30120253	0.404
gate	nist-sp-800-37r2.pdf	1		0			183	183	0	0	0	0	complete	backend-xref-strict-20-byte;broken-font-encoding;composite-font-codes-from-tounicode;form-xobject-text-not-descended;geometry-absent-not-groundable;image-payload-not-embedded;low-contrast-not-detected;markdown-table-spans-flattened;non-text-nodes-not-projected;off-page-text;page-raster-not-emitted;predefined-cmaps-not-vendored;reading-order-geometric-only;ruled-table-candidate-refused;structure-item-without-content;structure-mcid-unbound;tagged-table-without-geometric-table;undrawn-table-edges-not-supplied;unruled-table-candidate-refused	217817912	2.794
gate	nist-sp-800-53Ar5.pdf	1		0			733	733	0	0	0	0	complete	backend-xref-strict-20-byte;broken-font-encoding;composite-font-codes-from-tounicode;form-xobject-text-not-descended;geometry-absent-not-groundable;image-payload-not-embedded;low-contrast-not-detected;markdown-table-spans-flattened;non-text-nodes-not-projected;off-page-text;page-raster-not-emitted;predefined-cmaps-not-vendored;reading-order-geometric-only;ruled-table-candidate-refused;structure-item-without-content;structure-mcid-unbound;tagged-table-without-geometric-table;undrawn-table-edges-not-supplied;unruled-table-candidate-refused	996675602	12.332
engine	absent-font-metrics/document.pdf	0		0			1	1	0	0	0	0	complete	backend-xref-strict-20-byte;form-xobject-text-not-descended;geometry-absent-not-groundable;image-payload-not-embedded;low-contrast-not-detected;markdown-table-spans-flattened;page-raster-not-emitted;predefined-cmaps-not-vendored;reading-order-geometric-only;undrawn-table-edges-not-supplied;untagged-structure-tree-absent	11841	0.016
engine	absent-font-widths/document.pdf	0		0			1	1	0	0	0	0	complete	backend-xref-strict-20-byte;font-widths-absent;form-xobject-text-not-descended;geometry-absent-not-groundable;image-payload-not-embedded;low-contrast-not-detected;markdown-table-spans-flattened;page-raster-not-emitted;predefined-cmaps-not-vendored;reading-order-geometric-only;undrawn-table-edges-not-supplied;untagged-structure-tree-absent	12438	0.016
engine	annotation-contents/document.pdf	1		0			1	1	0	0	0	0	complete	backend-xref-strict-20-byte;form-xobject-text-not-descended;geometry-absent-not-groundable;image-payload-not-embedded;low-contrast-not-detected;markdown-table-spans-flattened;non-text-nodes-not-projected;page-raster-not-emitted;predefined-cmaps-not-vendored;reading-order-geometric-only;undrawn-table-edges-not-supplied;untagged-structure-tree-absent	14169	0.014
engine	background-panel-not-a-grid/document.pdf	0		0			1	1	0	0	0	0	complete	backend-xref-strict-20-byte;form-xobject-text-not-descended;image-payload-not-embedded;low-contrast-not-detected;markdown-table-spans-flattened;page-raster-not-emitted;predefined-cmaps-not-vendored;reading-order-geometric-only;ruled-table-candidate-refused;undrawn-table-edges-not-supplied;untagged-structure-tree-absent	12066	0.015
engine	both-table-rules/document.pdf	0		0			1	1	0	0	0	0	complete	backend-xref-strict-20-byte;form-xobject-text-not-descended;image-payload-not-embedded;low-contrast-not-detected;markdown-table-spans-flattened;page-raster-not-emitted;predefined-cmaps-not-vendored;reading-order-geometric-only;undrawn-table-edges-not-supplied;untagged-structure-tree-absent	14994	0.014
engine	broken-font-encoding/document.pdf	0		0			1	1	0	0	0	0	complete	backend-xref-strict-20-byte;broken-font-encoding;form-xobject-text-not-descended;image-payload-not-embedded;low-contrast-not-detected;markdown-table-spans-flattened;page-raster-not-emitted;predefined-cmaps-not-vendored;reading-order-geometric-only;undrawn-table-edges-not-supplied;untagged-structure-tree-absent	11949	0.013
engine	composite-font-cid-widths/document.pdf	0		0			1	1	0	0	0	0	complete	backend-xref-strict-20-byte;composite-font-codes-from-tounicode;form-xobject-text-not-descended;image-payload-not-embedded;low-contrast-not-detected;markdown-table-spans-flattened;page-raster-not-emitted;predefined-cmaps-not-vendored;reading-order-geometric-only;undrawn-table-edges-not-supplied;untagged-structure-tree-absent	11010	0.012
engine	composite-font-non-identity-cmap/document.pdf	0		0			1	1	0	0	0	0	complete	backend-xref-strict-20-byte;composite-font-codes-from-tounicode;font-widths-absent;form-xobject-text-not-descended;geometry-absent-not-groundable;image-payload-not-embedded;low-contrast-not-detected;markdown-table-spans-flattened;page-raster-not-emitted;predefined-cmaps-not-vendored;reading-order-geometric-only;undrawn-table-edges-not-supplied;untagged-structure-tree-absent	13471	0.011
engine	crop-box-smaller-than-media/document.pdf	0		0			1	1	0	0	0	0	complete	backend-xref-strict-20-byte;form-xobject-text-not-descended;image-payload-not-embedded;low-contrast-not-detected;markdown-table-spans-flattened;off-page-text;page-raster-not-emitted;predefined-cmaps-not-vendored;reading-order-geometric-only;undrawn-table-edges-not-supplied;untagged-structure-tree-absent	10941	0.013
engine	form-field-value/document.pdf	1		0			1	1	0	0	0	0	complete	backend-xref-strict-20-byte;form-xobject-text-not-descended;geometry-absent-not-groundable;image-payload-not-embedded;low-contrast-not-detected;markdown-table-spans-flattened;non-text-nodes-not-projected;page-raster-not-emitted;predefined-cmaps-not-vendored;reading-order-geometric-only;undrawn-table-edges-not-supplied;untagged-structure-tree-absent	13731	0.012
engine	form-orphan-widget/document.pdf	1		0			1	1	0	0	0	0	complete	backend-xref-strict-20-byte;form-field-parent-unresolved;form-xobject-text-not-descended;geometry-absent-not-groundable;image-payload-not-embedded;low-contrast-not-detected;markdown-table-spans-flattened;non-text-nodes-not-projected;page-raster-not-emitted;predefined-cmaps-not-vendored;reading-order-geometric-only;undrawn-table-edges-not-supplied;untagged-structure-tree-absent	14316	0.013
engine	form-xfa-stub/document.pdf	1		0			1	1	0	0	0	0	complete	backend-xref-strict-20-byte;form-xobject-text-not-descended;geometry-absent-not-groundable;image-payload-not-embedded;low-contrast-not-detected;markdown-table-spans-flattened;non-text-nodes-not-projected;page-raster-not-emitted;predefined-cmaps-not-vendored;reading-order-geometric-only;undrawn-table-edges-not-supplied;untagged-structure-tree-absent;xfa-forms-not-extracted	14370	0.012
engine	form-xobject-text-drawn/document.pdf	0		0			1	1	0	0	0	0	complete	backend-xref-strict-20-byte;form-xobject-text-not-descended;form-xobjects-not-descended;image-payload-not-embedded;low-contrast-not-detected;markdown-table-spans-flattened;page-raster-not-emitted;predefined-cmaps-not-vendored;reading-order-geometric-only;undrawn-table-edges-not-supplied;untagged-structure-tree-absent	10938	0.013
engine	horizontal-scaling-tz/document.pdf	0		0			1	1	0	0	0	0	complete	backend-xref-strict-20-byte;form-xobject-text-not-descended;image-payload-not-embedded;low-contrast-not-detected;markdown-table-spans-flattened;page-raster-not-emitted;predefined-cmaps-not-vendored;reading-order-geometric-only;undrawn-table-edges-not-supplied;untagged-structure-tree-absent	10640	0.013
engine	image-declared-not-drawn/document.pdf	1		0			1	1	0	0	0	0	complete	backend-xref-strict-20-byte;form-xobject-text-not-descended;image-payload-not-embedded;low-contrast-not-detected;markdown-table-spans-flattened;page-raster-not-emitted;predefined-cmaps-not-vendored;reading-order-geometric-only;undrawn-table-edges-not-supplied;untagged-structure-tree-absent	10284	0.012
engine	image-xobject-drawn/document.pdf	1		0			1	1	0	0	0	0	complete	backend-xref-strict-20-byte;form-xobject-text-not-descended;geometry-absent-not-groundable;image-payload-not-embedded;low-contrast-not-detected;markdown-table-spans-flattened;non-text-nodes-not-projected;page-raster-not-emitted;predefined-cmaps-not-vendored;reading-order-geometric-only;undrawn-table-edges-not-supplied;untagged-structure-tree-absent	13808	0.012
engine	ink-past-the-media-box/document.pdf	0		0			1	1	0	0	0	0	complete	backend-xref-strict-20-byte;form-xobject-text-not-descended;geometry-absent-not-groundable;image-payload-not-embedded;low-contrast-not-detected;markdown-table-spans-flattened;off-page-text;page-raster-not-emitted;predefined-cmaps-not-vendored;reading-order-geometric-only;undrawn-table-edges-not-supplied;unruled-table-candidate-refused;untagged-structure-tree-absent	14346	0.013
engine	invisible-render-mode/document.pdf	0		0			1	1	0	0	0	0	complete	backend-xref-strict-20-byte;form-xobject-text-not-descended;image-payload-not-embedded;invisible-render-mode-text;low-contrast-not-detected;markdown-table-spans-flattened;page-raster-not-emitted;predefined-cmaps-not-vendored;reading-order-geometric-only;undrawn-table-edges-not-supplied;untagged-structure-tree-absent	12068	0.012
engine	markdown-hyphen-break/document.pdf	0		0			1	1	0	0	0	0	complete	backend-xref-strict-20-byte;form-xobject-text-not-descended;image-payload-not-embedded;low-contrast-not-detected;markdown-table-spans-flattened;page-raster-not-emitted;predefined-cmaps-not-vendored;reading-order-geometric-only;undrawn-table-edges-not-supplied;untagged-structure-tree-absent	10794	0.011
engine	markdown-table-cells/document.pdf	0		0			1	1	0	0	0	0	complete	backend-xref-strict-20-byte;form-xobject-text-not-descended;image-payload-not-embedded;low-contrast-not-detected;markdown-table-spans-flattened;page-raster-not-emitted;predefined-cmaps-not-vendored;reading-order-geometric-only;undrawn-table-edges-not-supplied;untagged-structure-tree-absent	13584	0.012
engine	markdown-two-blocks/document.pdf	0		0			1	1	0	0	0	0	complete	backend-xref-strict-20-byte;form-xobject-text-not-descended;image-payload-not-embedded;low-contrast-not-detected;markdown-table-spans-flattened;page-raster-not-emitted;predefined-cmaps-not-vendored;reading-order-geometric-only;undrawn-table-edges-not-supplied;untagged-structure-tree-absent	10718	0.012
engine	measured-ink-box/document.pdf	0		0			1	1	0	0	0	0	complete	backend-xref-strict-20-byte;form-xobject-text-not-descended;image-payload-not-embedded;low-contrast-not-detected;markdown-table-spans-flattened;page-raster-not-emitted;predefined-cmaps-not-vendored;reading-order-geometric-only;undrawn-table-edges-not-supplied;untagged-structure-tree-absent	10273	0.012
engine	off-page-and-offset-box/document.pdf	0		0			1	1	0	0	0	0	complete	backend-xref-strict-20-byte;form-xobject-text-not-descended;image-payload-not-embedded;low-contrast-not-detected;markdown-table-spans-flattened;off-page-text;page-raster-not-emitted;predefined-cmaps-not-vendored;reading-order-geometric-only;undrawn-table-edges-not-supplied;untagged-structure-tree-absent	11437	0.012
engine	rotated-and-mirrored-text/document.pdf	0		0			1	1	0	0	0	0	complete	backend-xref-strict-20-byte;form-xobject-text-not-descended;geometry-absent-not-groundable;image-payload-not-embedded;low-contrast-not-detected;markdown-table-spans-flattened;page-raster-not-emitted;predefined-cmaps-not-vendored;reading-order-geometric-only;undrawn-table-edges-not-supplied;unruled-table-candidate-refused;untagged-structure-tree-absent	15659	0.012
engine	ruled-table-grid/document.pdf	0		0			1	1	0	0	0	0	complete	backend-xref-strict-20-byte;form-xobject-text-not-descended;image-payload-not-embedded;low-contrast-not-detected;markdown-table-spans-flattened;page-raster-not-emitted;predefined-cmaps-not-vendored;reading-order-geometric-only;undrawn-table-edges-not-supplied;untagged-structure-tree-absent	14288	0.013
engine	ruled-table-overlap/document.pdf	0		0			1	1	0	0	0	0	complete	backend-xref-strict-20-byte;form-xobject-text-not-descended;image-payload-not-embedded;low-contrast-not-detected;markdown-table-spans-flattened;page-raster-not-emitted;predefined-cmaps-not-vendored;reading-order-geometric-only;ruled-table-candidate-refused;undrawn-table-edges-not-supplied;unruled-table-candidate-refused;untagged-structure-tree-absent	13189	0.012
engine	ruled-wins-shared-region/document.pdf	0		0			1	1	0	0	0	0	complete	backend-xref-strict-20-byte;form-xobject-text-not-descended;image-payload-not-embedded;low-contrast-not-detected;markdown-table-spans-flattened;page-raster-not-emitted;predefined-cmaps-not-vendored;reading-order-geometric-only;undrawn-table-edges-not-supplied;untagged-structure-tree-absent	12357	0.012
engine	show-text-quote-operators/document.pdf	0		0			1	1	0	0	0	0	complete	backend-xref-strict-20-byte;form-xobject-text-not-descended;image-payload-not-embedded;low-contrast-not-detected;markdown-table-spans-flattened;page-raster-not-emitted;predefined-cmaps-not-vendored;reading-order-geometric-only;undrawn-table-edges-not-supplied;untagged-structure-tree-absent	11119	0.011
engine	simple-font-two-byte-tounicode/document.pdf	0		0			1	1	0	0	0	0	complete	backend-xref-strict-20-byte;form-xobject-text-not-descended;image-payload-not-embedded;low-contrast-not-detected;markdown-table-spans-flattened;page-raster-not-emitted;predefined-cmaps-not-vendored;reading-order-geometric-only;undrawn-table-edges-not-supplied;untagged-structure-tree-absent	10272	0.011
engine	stroke-ruled-columns-not-drawn/document.pdf	0		0			1	1	0	0	0	0	complete	backend-xref-strict-20-byte;form-xobject-text-not-descended;image-payload-not-embedded;low-contrast-not-detected;markdown-table-spans-flattened;page-raster-not-emitted;predefined-cmaps-not-vendored;reading-order-geometric-only;stroke-ruled-table-candidate-refused;undrawn-table-edges-not-supplied;untagged-structure-tree-absent	11776	0.011
engine	stroke-ruled-field-boxes/document.pdf	1		0			1	1	0	0	0	0	complete	backend-xref-strict-20-byte;form-xobject-text-not-descended;geometry-absent-not-groundable;image-payload-not-embedded;low-contrast-not-detected;markdown-table-spans-flattened;non-text-nodes-not-projected;page-raster-not-emitted;predefined-cmaps-not-vendored;reading-order-geometric-only;stroke-ruled-table-candidate-refused;undrawn-table-edges-not-supplied;untagged-structure-tree-absent	15913	0.012
engine	stroke-ruled-worksheet/document.pdf	0		0			1	1	0	0	0	0	complete	backend-xref-strict-20-byte;form-xobject-text-not-descended;image-payload-not-embedded;low-contrast-not-detected;markdown-table-spans-flattened;page-raster-not-emitted;predefined-cmaps-not-vendored;reading-order-geometric-only;undrawn-table-edges-not-supplied;untagged-structure-tree-absent	15746	0.012
engine	synthesized-space-tj/document.pdf	0		0			1	1	0	0	0	0	complete	backend-xref-strict-20-byte;form-xobject-text-not-descended;image-payload-not-embedded;low-contrast-not-detected;markdown-table-spans-flattened;page-raster-not-emitted;predefined-cmaps-not-vendored;reading-order-geometric-only;undrawn-table-edges-not-supplied;untagged-structure-tree-absent	10673	0.013
engine	tagged-cycle/document.pdf	0		2	malformed	malformed structure tree: `/K` cycles: object 7 0 R is its own ancestor. Refused rather than walked, because following it does not terminate and stopping partway would report a structure the document does not have										0.009
engine	tagged-list-items/document.pdf	0		0			1	1	0	0	0	0	complete	backend-xref-strict-20-byte;form-xobject-text-not-descended;image-payload-not-embedded;low-contrast-not-detected;markdown-table-spans-flattened;page-raster-not-emitted;predefined-cmaps-not-vendored;reading-order-geometric-only;undrawn-table-edges-not-supplied;unruled-table-candidate-refused	14988	0.013
engine	tagged-rolemap/document.pdf	0		0			1	1	0	0	0	0	complete	backend-xref-strict-20-byte;form-xobject-text-not-descended;image-payload-not-embedded;low-contrast-not-detected;markdown-table-spans-flattened;page-raster-not-emitted;predefined-cmaps-not-vendored;reading-order-geometric-only;undrawn-table-edges-not-supplied	10271	0.012
engine	tagged-structure-roles/document.pdf	0		0			1	1	0	0	0	0	complete	backend-xref-strict-20-byte;form-xobject-text-not-descended;image-payload-not-embedded;low-contrast-not-detected;markdown-table-spans-flattened;page-raster-not-emitted;predefined-cmaps-not-vendored;reading-order-geometric-only;structure-mcid-unbound;undrawn-table-edges-not-supplied	12265	0.011
engine	tagged-table-agrees/document.pdf	0		0			1	1	0	0	0	0	complete	backend-xref-strict-20-byte;form-xobject-text-not-descended;image-payload-not-embedded;low-contrast-not-detected;markdown-table-spans-flattened;page-raster-not-emitted;predefined-cmaps-not-vendored;reading-order-geometric-only;undrawn-table-edges-not-supplied	12188	0.011
engine	tagged-table-disagrees/document.pdf	0		0			1	1	0	0	0	0	complete	backend-xref-strict-20-byte;form-xobject-text-not-descended;image-payload-not-embedded;low-contrast-not-detected;markdown-table-spans-flattened;page-raster-not-emitted;predefined-cmaps-not-vendored;reading-order-geometric-only;structure-item-without-content;undrawn-table-edges-not-supplied	12937	0.012
engine	two-column-14-lines/document.pdf	0		0			1	1	0	0	0	0	complete	backend-xref-strict-20-byte;form-xobject-text-not-descended;image-payload-not-embedded;low-contrast-not-detected;markdown-table-spans-flattened;page-raster-not-emitted;predefined-cmaps-not-vendored;reading-order-geometric-only;undrawn-table-edges-not-supplied;unruled-table-candidate-refused;untagged-structure-tree-absent	16463	0.014
engine	two-column-15-lines/document.pdf	0		0			1	1	0	0	0	0	complete	backend-xref-strict-20-byte;form-xobject-text-not-descended;image-payload-not-embedded;low-contrast-not-detected;markdown-table-spans-flattened;page-raster-not-emitted;predefined-cmaps-not-vendored;reading-order-geometric-only;undrawn-table-edges-not-supplied;unruled-table-candidate-refused;untagged-structure-tree-absent	16761	0.013
engine	unruled-near-miss/document.pdf	0		0			1	1	0	0	0	0	complete	backend-xref-strict-20-byte;form-xobject-text-not-descended;image-payload-not-embedded;low-contrast-not-detected;markdown-table-spans-flattened;page-raster-not-emitted;predefined-cmaps-not-vendored;reading-order-geometric-only;undrawn-table-edges-not-supplied;unruled-table-candidate-refused;untagged-structure-tree-absent	13170	0.012
engine	untagged-shredded-line/document.pdf	0		0			1	1	0	0	0	0	complete	backend-xref-strict-20-byte;form-xobject-text-not-descended;image-payload-not-embedded;low-contrast-not-detected;markdown-table-spans-flattened;page-raster-not-emitted;predefined-cmaps-not-vendored;reading-order-geometric-only;undrawn-table-edges-not-supplied;untagged-structure-tree-absent	11430	0.011
engine	whitespace-past-the-page-edge/document.pdf	0		0			1	1	0	0	0	0	complete	backend-xref-strict-20-byte;form-xobject-text-not-descended;geometry-absent-not-groundable;image-payload-not-embedded;low-contrast-not-detected;markdown-table-spans-flattened;page-raster-not-emitted;predefined-cmaps-not-vendored;reading-order-geometric-only;undrawn-table-edges-not-supplied;unruled-table-candidate-refused;untagged-structure-tree-absent	13119	0.011
oracle	failure/corrupt-header-valid/document.pdf	2	malformed	2	malformed	malformed pdf structure: failed parsing cross reference table: invalid start value										0.008
oracle	failure/image-only-or-blank-page/document.pdf	1		0			1	1	0	0	0	0	complete	backend-xref-strict-20-byte;form-xobject-text-not-descended;image-payload-not-embedded;low-contrast-not-detected;markdown-table-spans-flattened;page-raster-not-emitted;predefined-cmaps-not-vendored;reading-order-geometric-only;undrawn-table-edges-not-supplied;untagged-structure-tree-absent	9865	0.008
oracle	failure/invalid-header/document.pdf	2	unsupported	2	unsupported	unsupported media type: these bytes state no format this engine reads. Three signatures were looked for at byte 0 and none is present: a ZIP local file header, the container a DOCX, XLSX, PPTX, ODT, ODS, ODP or EPUB arrives in; an RTF brace group; and a PDF header. Nothing else was consulted — not the file's name, and no signature at any other offset. A file this engine has no reader for is refused by name rather than handed to a reader it never named, because a refusal that guesses a format is a claim nobody measured. `docs/CAPABILITY.md` lists what is read and what is not.										0.008
oracle	failure/memory-limit-simulated/document.pdf	0		0			1	1	0	0	0	0	complete	backend-xref-strict-20-byte;form-xobject-text-not-descended;image-payload-not-embedded;low-contrast-not-detected;markdown-table-spans-flattened;page-raster-not-emitted;predefined-cmaps-not-vendored;reading-order-geometric-only;undrawn-table-edges-not-supplied;untagged-structure-tree-absent	10288	0.010
oracle	failure/password-protected/document.pdf	2	encrypted	2	encrypted	encrypted source: document is encrypted; a password is required to read it										0.010
oracle	foreign/opendataloader/real/source.pdf	0		0			1	1	0	0	0	0	complete	backend-xref-strict-20-byte;composite-font-codes-from-tounicode;form-xobject-text-not-descended;geometry-absent-not-groundable;image-payload-not-embedded;low-contrast-not-detected;markdown-table-spans-flattened;page-raster-not-emitted;predefined-cmaps-not-vendored;reading-order-geometric-only;undrawn-table-edges-not-supplied;unruled-table-candidate-refused;untagged-structure-tree-absent	192468	0.012
oracle	synthetic/heading-export/document.pdf	0		0			1	1	0	0	0	0	complete	backend-xref-strict-20-byte;form-xobject-text-not-descended;image-payload-not-embedded;low-contrast-not-detected;markdown-table-spans-flattened;page-raster-not-emitted;predefined-cmaps-not-vendored;reading-order-geometric-only;undrawn-table-edges-not-supplied;untagged-structure-tree-absent	10840	0.011
oracle	synthetic/hyphenated-line-break/document.pdf	0		0			1	1	0	0	0	0	complete	backend-xref-strict-20-byte;form-xobject-text-not-descended;image-payload-not-embedded;low-contrast-not-detected;markdown-table-spans-flattened;page-raster-not-emitted;predefined-cmaps-not-vendored;reading-order-geometric-only;undrawn-table-edges-not-supplied;untagged-structure-tree-absent	10661	0.012
oracle	synthetic/ligature-fi-embedded-font/document.pdf	0		0			1	1	0	0	0	0	complete	backend-xref-strict-20-byte;form-xobject-text-not-descended;geometry-absent-not-groundable;image-payload-not-embedded;low-contrast-not-detected;markdown-table-spans-flattened;page-raster-not-emitted;predefined-cmaps-not-vendored;reading-order-geometric-only;undrawn-table-edges-not-supplied;untagged-structure-tree-absent	11802	0.012
oracle	synthetic/list-items/document.pdf	0		0			1	1	0	0	0	0	complete	backend-xref-strict-20-byte;form-xobject-text-not-descended;image-payload-not-embedded;low-contrast-not-detected;markdown-table-spans-flattened;page-raster-not-emitted;predefined-cmaps-not-vendored;reading-order-geometric-only;undrawn-table-edges-not-supplied;untagged-structure-tree-absent	10790	0.013
oracle	synthetic/rotation-90/document.pdf	0		0			1	1	0	0	0	0	complete	backend-xref-strict-20-byte;form-xobject-text-not-descended;geometry-absent-not-groundable;image-payload-not-embedded;low-contrast-not-detected;markdown-table-spans-flattened;page-raster-not-emitted;predefined-cmaps-not-vendored;reading-order-geometric-only;undrawn-table-edges-not-supplied;untagged-structure-tree-absent	12590	0.012
oracle	synthetic/simple-text/document.pdf	0		0			1	1	0	0	0	0	complete	backend-xref-strict-20-byte;form-xobject-text-not-descended;image-payload-not-embedded;low-contrast-not-detected;markdown-table-spans-flattened;page-raster-not-emitted;predefined-cmaps-not-vendored;reading-order-geometric-only;undrawn-table-edges-not-supplied;untagged-structure-tree-absent	10288	0.011
oracle	synthetic/table-regular-grid/document.pdf	0		0			1	1	0	0	0	0	complete	backend-xref-strict-20-byte;form-xobject-text-not-descended;image-payload-not-embedded;low-contrast-not-detected;markdown-table-spans-flattened;page-raster-not-emitted;predefined-cmaps-not-vendored;reading-order-geometric-only;undrawn-table-edges-not-supplied;untagged-structure-tree-absent;xref-entry-padded	14302	0.013
oracle	synthetic/two-columns/document.pdf	0		0			1	1	0	0	0	0	complete	backend-xref-strict-20-byte;form-xobject-text-not-descended;image-payload-not-embedded;low-contrast-not-detected;markdown-table-spans-flattened;page-raster-not-emitted;predefined-cmaps-not-vendored;reading-order-geometric-only;undrawn-table-edges-not-supplied;unruled-table-candidate-refused;untagged-structure-tree-absent	12571	0.012
oracle	synthetic/two-lines/document.pdf	0		0			1	1	0	0	0	0	complete	backend-xref-strict-20-byte;form-xobject-text-not-descended;image-payload-not-embedded;low-contrast-not-detected;markdown-table-spans-flattened;page-raster-not-emitted;predefined-cmaps-not-vendored;reading-order-geometric-only;undrawn-table-edges-not-supplied;untagged-structure-tree-absent	10709	0.013
oracle	trust-benchmark/v1/documents/synthetic-01/document.pdf	0		0			2	2	0	0	0	0	complete	backend-xref-strict-20-byte;form-xobject-text-not-descended;image-payload-not-embedded;low-contrast-not-detected;markdown-table-spans-flattened;page-raster-not-emitted;predefined-cmaps-not-vendored;reading-order-geometric-only;undrawn-table-edges-not-supplied;unruled-table-candidate-refused;untagged-structure-tree-absent	13002	0.012
oracle	trust-benchmark/v1/documents/synthetic-02/document.pdf	0		0			2	2	0	0	0	0	complete	backend-xref-strict-20-byte;form-xobject-text-not-descended;image-payload-not-embedded;low-contrast-not-detected;markdown-table-spans-flattened;page-raster-not-emitted;predefined-cmaps-not-vendored;reading-order-geometric-only;undrawn-table-edges-not-supplied;unruled-table-candidate-refused;untagged-structure-tree-absent	13002	0.014
oracle	trust-benchmark/v1/documents/synthetic-03/document.pdf	0		0			2	2	0	0	0	0	complete	backend-xref-strict-20-byte;form-xobject-text-not-descended;image-payload-not-embedded;low-contrast-not-detected;markdown-table-spans-flattened;page-raster-not-emitted;predefined-cmaps-not-vendored;reading-order-geometric-only;undrawn-table-edges-not-supplied;unruled-table-candidate-refused;untagged-structure-tree-absent	13002	0.012
oracle	trust-benchmark/v1/documents/synthetic-04/document.pdf	0		0			2	2	0	0	0	0	complete	backend-xref-strict-20-byte;form-xobject-text-not-descended;image-payload-not-embedded;low-contrast-not-detected;markdown-table-spans-flattened;page-raster-not-emitted;predefined-cmaps-not-vendored;reading-order-geometric-only;undrawn-table-edges-not-supplied;unruled-table-candidate-refused;untagged-structure-tree-absent	13002	0.012
oracle	trust-benchmark/v1/documents/synthetic-05/document.pdf	0		0			2	2	0	0	0	0	complete	backend-xref-strict-20-byte;form-xobject-text-not-descended;image-payload-not-embedded;low-contrast-not-detected;markdown-table-spans-flattened;page-raster-not-emitted;predefined-cmaps-not-vendored;reading-order-geometric-only;undrawn-table-edges-not-supplied;unruled-table-candidate-refused;untagged-structure-tree-absent	13002	0.012
oracle	trust-benchmark/v1/documents/synthetic-06/document.pdf	0		0			2	2	0	0	0	0	complete	backend-xref-strict-20-byte;form-xobject-text-not-descended;image-payload-not-embedded;low-contrast-not-detected;markdown-table-spans-flattened;page-raster-not-emitted;predefined-cmaps-not-vendored;reading-order-geometric-only;undrawn-table-edges-not-supplied;unruled-table-candidate-refused;untagged-structure-tree-absent	13002	0.013
oracle	trust-benchmark/v1/documents/synthetic-07/document.pdf	0		0			2	2	0	0	0	0	complete	backend-xref-strict-20-byte;form-xobject-text-not-descended;image-payload-not-embedded;low-contrast-not-detected;markdown-table-spans-flattened;page-raster-not-emitted;predefined-cmaps-not-vendored;reading-order-geometric-only;undrawn-table-edges-not-supplied;unruled-table-candidate-refused;untagged-structure-tree-absent	13002	0.014
oracle	trust-benchmark/v1/documents/synthetic-08/document.pdf	0		0			2	2	0	0	0	0	complete	backend-xref-strict-20-byte;form-xobject-text-not-descended;image-payload-not-embedded;low-contrast-not-detected;markdown-table-spans-flattened;page-raster-not-emitted;predefined-cmaps-not-vendored;reading-order-geometric-only;undrawn-table-edges-not-supplied;unruled-table-candidate-refused;untagged-structure-tree-absent	13002	0.012
oracle	trust-benchmark/v1/documents/synthetic-09/document.pdf	0		0			2	2	0	0	0	0	complete	backend-xref-strict-20-byte;form-xobject-text-not-descended;image-payload-not-embedded;low-contrast-not-detected;markdown-table-spans-flattened;page-raster-not-emitted;predefined-cmaps-not-vendored;reading-order-geometric-only;undrawn-table-edges-not-supplied;unruled-table-candidate-refused;untagged-structure-tree-absent	13002	0.014
oracle	trust-benchmark/v1/documents/synthetic-10/document.pdf	0		0			2	2	0	0	0	0	complete	backend-xref-strict-20-byte;form-xobject-text-not-descended;image-payload-not-embedded;low-contrast-not-detected;markdown-table-spans-flattened;page-raster-not-emitted;predefined-cmaps-not-vendored;reading-order-geometric-only;undrawn-table-edges-not-supplied;unruled-table-candidate-refused;untagged-structure-tree-absent	13002	0.013
oracle	trust-benchmark/v1/documents/synthetic-11/document.pdf	0		0			2	2	0	0	0	0	complete	backend-xref-strict-20-byte;form-xobject-text-not-descended;image-payload-not-embedded;low-contrast-not-detected;markdown-table-spans-flattened;page-raster-not-emitted;predefined-cmaps-not-vendored;reading-order-geometric-only;undrawn-table-edges-not-supplied;unruled-table-candidate-refused;untagged-structure-tree-absent	13002	0.013
oracle	trust-benchmark/v1/documents/synthetic-12/document.pdf	0		0			2	2	0	0	0	0	complete	backend-xref-strict-20-byte;form-xobject-text-not-descended;image-payload-not-embedded;low-contrast-not-detected;markdown-table-spans-flattened;page-raster-not-emitted;predefined-cmaps-not-vendored;reading-order-geometric-only;undrawn-table-edges-not-supplied;unruled-table-candidate-refused;untagged-structure-tree-absent	13002	0.011
oracle	trust-benchmark/v1/documents/synthetic-13/document.pdf	0		0			2	2	0	0	0	0	complete	backend-xref-strict-20-byte;form-xobject-text-not-descended;image-payload-not-embedded;low-contrast-not-detected;markdown-table-spans-flattened;page-raster-not-emitted;predefined-cmaps-not-vendored;reading-order-geometric-only;undrawn-table-edges-not-supplied;unruled-table-candidate-refused;untagged-structure-tree-absent	13002	0.012
oracle	trust-benchmark/v1/documents/synthetic-14/document.pdf	0		0			2	2	0	0	0	0	complete	backend-xref-strict-20-byte;form-xobject-text-not-descended;image-payload-not-embedded;low-contrast-not-detected;markdown-table-spans-flattened;page-raster-not-emitted;predefined-cmaps-not-vendored;reading-order-geometric-only;undrawn-table-edges-not-supplied;unruled-table-candidate-refused;untagged-structure-tree-absent	13002	0.013
oracle	trust-benchmark/v1/documents/synthetic-15/document.pdf	0		0			2	2	0	0	0	0	complete	backend-xref-strict-20-byte;form-xobject-text-not-descended;image-payload-not-embedded;low-contrast-not-detected;markdown-table-spans-flattened;page-raster-not-emitted;predefined-cmaps-not-vendored;reading-order-geometric-only;undrawn-table-edges-not-supplied;unruled-table-candidate-refused;untagged-structure-tree-absent	13002	0.011
oracle	trust-benchmark/v1/documents/synthetic-16/document.pdf	0		0			2	2	0	0	0	0	complete	backend-xref-strict-20-byte;form-xobject-text-not-descended;image-payload-not-embedded;low-contrast-not-detected;markdown-table-spans-flattened;page-raster-not-emitted;predefined-cmaps-not-vendored;reading-order-geometric-only;undrawn-table-edges-not-supplied;unruled-table-candidate-refused;untagged-structure-tree-absent	13002	0.012
oracle	trust-benchmark/v1/documents/synthetic-17/document.pdf	0		0			2	2	0	0	0	0	complete	backend-xref-strict-20-byte;form-xobject-text-not-descended;image-payload-not-embedded;low-contrast-not-detected;markdown-table-spans-flattened;page-raster-not-emitted;predefined-cmaps-not-vendored;reading-order-geometric-only;undrawn-table-edges-not-supplied;unruled-table-candidate-refused;untagged-structure-tree-absent	13002	0.013
oracle	trust-benchmark/v1/documents/synthetic-18/document.pdf	0		0			2	2	0	0	0	0	complete	backend-xref-strict-20-byte;form-xobject-text-not-descended;image-payload-not-embedded;low-contrast-not-detected;markdown-table-spans-flattened;page-raster-not-emitted;predefined-cmaps-not-vendored;reading-order-geometric-only;undrawn-table-edges-not-supplied;unruled-table-candidate-refused;untagged-structure-tree-absent	13002	0.012
oracle	trust-benchmark/v1/documents/synthetic-19/document.pdf	0		0			2	2	0	0	0	0	complete	backend-xref-strict-20-byte;form-xobject-text-not-descended;image-payload-not-embedded;low-contrast-not-detected;markdown-table-spans-flattened;page-raster-not-emitted;predefined-cmaps-not-vendored;reading-order-geometric-only;undrawn-table-edges-not-supplied;unruled-table-candidate-refused;untagged-structure-tree-absent	13002	0.012
oracle	trust-benchmark/v1/documents/synthetic-20/document.pdf	0		0			2	2	0	0	0	0	complete	backend-xref-strict-20-byte;form-xobject-text-not-descended;image-payload-not-embedded;low-contrast-not-detected;markdown-table-spans-flattened;page-raster-not-emitted;predefined-cmaps-not-vendored;reading-order-geometric-only;undrawn-table-edges-not-supplied;unruled-table-candidate-refused;untagged-structure-tree-absent	13002	0.012
gate-zero	cfpb-home-loan-toolkit.pdf	1		0			28	28	0	0	0	0	complete	backend-xref-strict-20-byte;composite-font-codes-from-tounicode;form-xobject-text-not-descended;form-xobjects-not-descended;geometry-absent-not-groundable;image-payload-not-embedded;low-contrast-not-detected;markdown-table-spans-flattened;mcid-property-list-by-name;non-text-nodes-not-projected;page-raster-not-emitted;predefined-cmaps-not-vendored;reading-order-geometric-only;ruled-table-candidate-refused;stroke-ruled-table-candidate-refused;structure-item-without-content;tagged-table-without-geometric-table;undrawn-table-edges-not-supplied;unruled-table-candidate-refused	16407440	0.217
gate-zero	hyphenated-line-break.pdf	0		0			1	1	0	0	0	0	complete	backend-xref-strict-20-byte;form-xobject-text-not-descended;image-payload-not-embedded;low-contrast-not-detected;markdown-table-spans-flattened;page-raster-not-emitted;predefined-cmaps-not-vendored;reading-order-geometric-only;undrawn-table-edges-not-supplied;untagged-structure-tree-absent	10661	0.015
gate-zero	irs-form-1040-2025.pdf	1		0			2	2	0	0	0	0	complete	backend-xref-strict-20-byte;form-xobject-text-not-descended;geometry-absent-not-groundable;image-payload-not-embedded;low-contrast-not-detected;markdown-table-spans-flattened;non-text-nodes-not-projected;page-raster-not-emitted;predefined-cmaps-not-vendored;reading-order-geometric-only;ruled-table-candidate-refused;stroke-ruled-table-candidate-refused;tagged-table-without-geometric-table;undrawn-table-edges-not-supplied;unruled-table-candidate-refused;xfa-forms-not-extracted	1272594	0.041
gate-zero	ligature-fi-embedded-font.pdf	0		0			1	1	0	0	0	0	complete	backend-xref-strict-20-byte;form-xobject-text-not-descended;geometry-absent-not-groundable;image-payload-not-embedded;low-contrast-not-detected;markdown-table-spans-flattened;page-raster-not-emitted;predefined-cmaps-not-vendored;reading-order-geometric-only;undrawn-table-edges-not-supplied;untagged-structure-tree-absent	11802	0.015
gate-zero	nist-sp-800-53r5.pdf	1		0			492	492	0	0	0	0	complete	backend-xref-strict-20-byte;broken-font-encoding;composite-font-codes-from-tounicode;form-xobject-text-not-descended;geometry-absent-not-groundable;image-payload-not-embedded;low-contrast-not-detected;markdown-table-spans-flattened;non-text-nodes-not-projected;off-page-text;page-raster-not-emitted;predefined-cmaps-not-vendored;reading-order-geometric-only;ruled-table-candidate-refused;structure-item-without-content;tagged-table-without-geometric-table;undrawn-table-edges-not-supplied;unruled-table-candidate-refused	561021550	7.299
gate-zero	nist-sp-800-63b.pdf	1		0			80	80	0	0	0	0	complete	backend-xref-strict-20-byte;broken-font-encoding;composite-font-codes-from-tounicode;form-xobject-text-not-descended;geometry-absent-not-groundable;image-payload-not-embedded;low-contrast-not-detected;markdown-table-spans-flattened;non-text-nodes-not-projected;off-page-text;page-raster-not-emitted;predefined-cmaps-not-vendored;reading-order-geometric-only;ruled-table-candidate-refused;structure-item-without-content;tagged-table-without-geometric-table;undrawn-table-edges-not-supplied;unruled-table-candidate-refused	63115966	0.778
gate-zero	rotation-90.pdf	0		0			1	1	0	0	0	0	complete	backend-xref-strict-20-byte;form-xobject-text-not-descended;geometry-absent-not-groundable;image-payload-not-embedded;low-contrast-not-detected;markdown-table-spans-flattened;page-raster-not-emitted;predefined-cmaps-not-vendored;reading-order-geometric-only;undrawn-table-edges-not-supplied;untagged-structure-tree-absent	12590	0.016
gate-zero	simple-text.pdf	0		0			1	1	0	0	0	0	complete	backend-xref-strict-20-byte;form-xobject-text-not-descended;image-payload-not-embedded;low-contrast-not-detected;markdown-table-spans-flattened;page-raster-not-emitted;predefined-cmaps-not-vendored;reading-order-geometric-only;undrawn-table-edges-not-supplied;untagged-structure-tree-absent	10288	0.014
gate-zero	two-columns.pdf	0		0			1	1	0	0	0	0	complete	backend-xref-strict-20-byte;form-xobject-text-not-descended;image-payload-not-embedded;low-contrast-not-detected;markdown-table-spans-flattened;page-raster-not-emitted;predefined-cmaps-not-vendored;reading-order-geometric-only;undrawn-table-edges-not-supplied;unruled-table-candidate-refused;untagged-structure-tree-absent	12571	0.014
gate-zero	two-lines.pdf	0		0			1	1	0	0	0	0	complete	backend-xref-strict-20-byte;form-xobject-text-not-descended;image-payload-not-embedded;low-contrast-not-detected;markdown-table-spans-flattened;page-raster-not-emitted;predefined-cmaps-not-vendored;reading-order-geometric-only;undrawn-table-edges-not-supplied;untagged-structure-tree-absent	10709	0.012
odl-bench	01030000000001.pdf	0		0			1	1	0	0	0	0	complete	backend-xref-strict-20-byte;composite-font-codes-from-tounicode;form-xobject-text-not-descended;form-xobjects-not-descended;geometry-absent-not-groundable;image-payload-not-embedded;low-contrast-not-detected;markdown-table-spans-flattened;non-text-nodes-not-projected;page-raster-not-emitted;predefined-cmaps-not-vendored;reading-order-geometric-only;undrawn-table-edges-not-supplied;unruled-table-candidate-refused;untagged-structure-tree-absent	185872	0.017
odl-bench	01030000000002.pdf	0		0			1	1	0	0	0	0	complete	backend-xref-strict-20-byte;composite-font-codes-from-tounicode;form-xobject-text-not-descended;form-xobjects-not-descended;geometry-absent-not-groundable;image-payload-not-embedded;low-contrast-not-detected;markdown-table-spans-flattened;non-text-nodes-not-projected;page-raster-not-emitted;predefined-cmaps-not-vendored;reading-order-geometric-only;undrawn-table-edges-not-supplied;unruled-table-candidate-refused;untagged-structure-tree-absent	174316	0.017
odl-bench	01030000000003.pdf	0		0			1	1	0	0	0	0	complete	backend-xref-strict-20-byte;composite-font-codes-from-tounicode;form-xobject-text-not-descended;form-xobjects-not-descended;geometry-absent-not-groundable;image-payload-not-embedded;low-contrast-not-detected;markdown-table-spans-flattened;non-text-nodes-not-projected;page-raster-not-emitted;predefined-cmaps-not-vendored;reading-order-geometric-only;undrawn-table-edges-not-supplied;unruled-table-candidate-refused;untagged-structure-tree-absent	182818	0.017
odl-bench	01030000000004.pdf	0		0			1	1	0	0	0	0	complete	backend-xref-strict-20-byte;form-xobject-text-not-descended;form-xobjects-not-descended;geometry-absent-not-groundable;image-payload-not-embedded;low-contrast-not-detected;markdown-table-spans-flattened;non-text-nodes-not-projected;page-raster-not-emitted;predefined-cmaps-not-vendored;reading-order-geometric-only;undrawn-table-edges-not-supplied;unruled-table-candidate-refused;untagged-structure-tree-absent	177558	0.016
odl-bench	01030000000005.pdf	1		0			1	1	0	0	0	0	complete	backend-xref-strict-20-byte;broken-font-encoding;form-xobject-text-not-descended;geometry-absent-not-groundable;image-payload-not-embedded;low-contrast-not-detected;markdown-table-spans-flattened;non-text-nodes-not-projected;page-raster-not-emitted;predefined-cmaps-not-vendored;reading-order-geometric-only;undrawn-table-edges-not-supplied;unruled-table-candidate-refused;untagged-structure-tree-absent	64070	0.015
odl-bench	01030000000006.pdf	1		0			1	1	0	0	0	0	complete	backend-xref-strict-20-byte;broken-font-encoding;form-xobject-text-not-descended;geometry-absent-not-groundable;image-payload-not-embedded;low-contrast-not-detected;markdown-table-spans-flattened;non-text-nodes-not-projected;page-raster-not-emitted;predefined-cmaps-not-vendored;reading-order-geometric-only;undrawn-table-edges-not-supplied;unruled-table-candidate-refused;untagged-structure-tree-absent	59969	0.015
odl-bench	01030000000007.pdf	0		0			1	1	0	0	0	0	complete	backend-xref-strict-20-byte;broken-font-encoding;form-xobject-text-not-descended;geometry-absent-not-groundable;image-payload-not-embedded;low-contrast-not-detected;markdown-table-spans-flattened;page-raster-not-emitted;predefined-cmaps-not-vendored;reading-order-geometric-only;undrawn-table-edges-not-supplied;unruled-table-candidate-refused;untagged-structure-tree-absent	538024	0.021
odl-bench	01030000000008.pdf	1		0			1	1	0	0	0	0	complete	backend-xref-strict-20-byte;form-xobject-text-not-descended;geometry-absent-not-groundable;image-payload-not-embedded;low-contrast-not-detected;markdown-table-spans-flattened;non-text-nodes-not-projected;page-raster-not-emitted;predefined-cmaps-not-vendored;reading-order-geometric-only;undrawn-table-edges-not-supplied;unruled-table-candidate-refused;untagged-structure-tree-absent	312805	0.020
odl-bench	01030000000009.pdf	1		0			1	1	0	0	0	0	complete	backend-xref-strict-20-byte;form-xobject-text-not-descended;form-xobjects-not-descended;geometry-absent-not-groundable;image-payload-not-embedded;low-contrast-not-detected;markdown-table-spans-flattened;non-text-nodes-not-projected;page-raster-not-emitted;predefined-cmaps-not-vendored;reading-order-geometric-only;undrawn-table-edges-not-supplied;unruled-table-candidate-refused;untagged-structure-tree-absent	159316	0.015
odl-bench	01030000000010.pdf	1		0			1	1	0	0	0	0	complete	backend-xref-strict-20-byte;form-xobject-text-not-descended;geometry-absent-not-groundable;image-payload-not-embedded;low-contrast-not-detected;markdown-table-spans-flattened;non-text-nodes-not-projected;page-raster-not-emitted;predefined-cmaps-not-vendored;reading-order-geometric-only;undrawn-table-edges-not-supplied;unruled-table-candidate-refused;untagged-structure-tree-absent	155401	0.017
odl-bench	01030000000011.pdf	1		0			1	1	0	0	0	0	complete	backend-xref-strict-20-byte;form-xobject-text-not-descended;form-xobjects-not-descended;geometry-absent-not-groundable;image-payload-not-embedded;low-contrast-not-detected;markdown-table-spans-flattened;non-text-nodes-not-projected;page-raster-not-emitted;predefined-cmaps-not-vendored;reading-order-geometric-only;undrawn-table-edges-not-supplied;unruled-table-candidate-refused;untagged-structure-tree-absent	253035	0.017
odl-bench	01030000000012.pdf	1		0			1	1	0	0	0	0	complete	backend-xref-strict-20-byte;form-xobject-text-not-descended;form-xobjects-not-descended;geometry-absent-not-groundable;image-payload-not-embedded;low-contrast-not-detected;markdown-table-spans-flattened;non-text-nodes-not-projected;page-raster-not-emitted;predefined-cmaps-not-vendored;reading-order-geometric-only;undrawn-table-edges-not-supplied;unruled-table-candidate-refused;untagged-structure-tree-absent	174074	0.016
odl-bench	01030000000013.pdf	1		0			1	1	0	0	0	0	complete	backend-xref-strict-20-byte;form-xobject-text-not-descended;form-xobjects-not-descended;geometry-absent-not-groundable;image-payload-not-embedded;low-contrast-not-detected;markdown-table-spans-flattened;non-text-nodes-not-projected;page-raster-not-emitted;predefined-cmaps-not-vendored;reading-order-geometric-only;undrawn-table-edges-not-supplied;unruled-table-candidate-refused;untagged-structure-tree-absent	180808	0.017
odl-bench	01030000000014.pdf	1		0			1	1	0	0	0	0	complete	backend-xref-strict-20-byte;form-xobject-text-not-descended;form-xobjects-not-descended;geometry-absent-not-groundable;image-payload-not-embedded;low-contrast-not-detected;markdown-table-spans-flattened;non-text-nodes-not-projected;page-raster-not-emitted;predefined-cmaps-not-vendored;reading-order-geometric-only;undrawn-table-edges-not-supplied;unruled-table-candidate-refused;untagged-structure-tree-absent	167469	0.017
odl-bench	01030000000015.pdf	1		0			1	1	0	0	0	0	complete	backend-xref-strict-20-byte;form-xobject-text-not-descended;geometry-absent-not-groundable;image-payload-not-embedded;low-contrast-not-detected;markdown-table-spans-flattened;non-text-nodes-not-projected;page-raster-not-emitted;predefined-cmaps-not-vendored;reading-order-geometric-only;undrawn-table-edges-not-supplied;unruled-table-candidate-refused;untagged-structure-tree-absent	97494	0.015
odl-bench	01030000000016.pdf	0		0			1	1	0	0	0	0	complete	backend-xref-strict-20-byte;form-xobject-text-not-descended;image-payload-not-embedded;low-contrast-not-detected;markdown-table-spans-flattened;page-raster-not-emitted;predefined-cmaps-not-vendored;reading-order-geometric-only;undrawn-table-edges-not-supplied;unruled-table-candidate-refused;untagged-structure-tree-absent	90702	0.015
odl-bench	01030000000017.pdf	1		0			1	1	0	0	0	0	complete	backend-xref-strict-20-byte;form-xobject-text-not-descended;geometry-absent-not-groundable;image-payload-not-embedded;low-contrast-not-detected;markdown-table-spans-flattened;non-text-nodes-not-projected;page-raster-not-emitted;predefined-cmaps-not-vendored;reading-order-geometric-only;undrawn-table-edges-not-supplied;unruled-table-candidate-refused;untagged-structure-tree-absent	187630	0.016
odl-bench	01030000000018.pdf	0		0			1	1	0	0	0	0	complete	backend-xref-strict-20-byte;form-xobject-text-not-descended;form-xobjects-not-descended;geometry-absent-not-groundable;image-payload-not-embedded;low-contrast-not-detected;markdown-table-spans-flattened;non-text-nodes-not-projected;page-raster-not-emitted;predefined-cmaps-not-vendored;reading-order-geometric-only;undrawn-table-edges-not-supplied;unruled-table-candidate-refused;untagged-structure-tree-absent	113126	0.015
odl-bench	01030000000019.pdf	0		0			1	1	0	0	0	0	complete	backend-xref-strict-20-byte;form-xobject-text-not-descended;geometry-absent-not-groundable;image-payload-not-embedded;low-contrast-not-detected;markdown-table-spans-flattened;page-raster-not-emitted;predefined-cmaps-not-vendored;reading-order-geometric-only;undrawn-table-edges-not-supplied;unruled-table-candidate-refused;untagged-structure-tree-absent	112378	0.015
odl-bench	01030000000020.pdf	0		0			1	1	0	0	0	0	complete	backend-xref-strict-20-byte;form-xobject-text-not-descended;image-payload-not-embedded;low-contrast-not-detected;markdown-table-spans-flattened;page-raster-not-emitted;predefined-cmaps-not-vendored;reading-order-geometric-only;undrawn-table-edges-not-supplied;unruled-table-candidate-refused;untagged-structure-tree-absent	65352	0.014
odl-bench	01030000000021.pdf	0		0			1	1	0	0	0	0	complete	backend-xref-strict-20-byte;form-xobject-text-not-descended;image-payload-not-embedded;low-contrast-not-detected;markdown-table-spans-flattened;page-raster-not-emitted;predefined-cmaps-not-vendored;reading-order-geometric-only;undrawn-table-edges-not-supplied;unruled-table-candidate-refused;untagged-structure-tree-absent	90340	0.015
odl-bench	01030000000022.pdf	0		0			1	1	0	0	0	0	complete	backend-xref-strict-20-byte;form-xobject-text-not-descended;image-payload-not-embedded;low-contrast-not-detected;markdown-table-spans-flattened;page-raster-not-emitted;predefined-cmaps-not-vendored;reading-order-geometric-only;undrawn-table-edges-not-supplied;unruled-table-candidate-refused;untagged-structure-tree-absent	141028	0.014
odl-bench	01030000000023.pdf	0		0			1	1	0	0	0	0	complete	backend-xref-strict-20-byte;form-xobject-text-not-descended;image-payload-not-embedded;low-contrast-not-detected;markdown-table-spans-flattened;page-raster-not-emitted;predefined-cmaps-not-vendored;reading-order-geometric-only;undrawn-table-edges-not-supplied;unruled-table-candidate-refused;untagged-structure-tree-absent	147576	0.016
odl-bench	01030000000024.pdf	0		0			1	1	0	0	0	0	complete	backend-xref-strict-20-byte;form-xobject-text-not-descended;image-payload-not-embedded;low-contrast-not-detected;markdown-table-spans-flattened;page-raster-not-emitted;predefined-cmaps-not-vendored;reading-order-geometric-only;undrawn-table-edges-not-supplied;unruled-table-candidate-refused;untagged-structure-tree-absent	137299	0.016
odl-bench	01030000000025.pdf	0		0			1	1	0	0	0	0	complete	backend-xref-strict-20-byte;form-xobject-text-not-descended;image-payload-not-embedded;low-contrast-not-detected;markdown-table-spans-flattened;page-raster-not-emitted;predefined-cmaps-not-vendored;reading-order-geometric-only;undrawn-table-edges-not-supplied;unruled-table-candidate-refused;untagged-structure-tree-absent	126074	0.013
odl-bench	01030000000026.pdf	0		0			1	1	0	0	0	0	complete	backend-xref-strict-20-byte;form-xobject-text-not-descended;image-payload-not-embedded;low-contrast-not-detected;markdown-table-spans-flattened;page-raster-not-emitted;predefined-cmaps-not-vendored;reading-order-geometric-only;undrawn-table-edges-not-supplied;unruled-table-candidate-refused;untagged-structure-tree-absent	123040	0.015
odl-bench	01030000000027.pdf	1		0			1	1	0	0	0	0	complete	backend-xref-strict-20-byte;form-xobject-text-not-descended;geometry-absent-not-groundable;image-payload-not-embedded;low-contrast-not-detected;markdown-table-spans-flattened;mcid-property-list-by-name;non-text-nodes-not-projected;off-page-text;page-raster-not-emitted;predefined-cmaps-not-vendored;reading-order-geometric-only;undrawn-table-edges-not-supplied;unruled-table-candidate-refused;untagged-structure-tree-absent	244548	0.017
odl-bench	01030000000028.pdf	0		0			1	1	0	0	0	0	complete	backend-xref-strict-20-byte;form-xobject-text-not-descended;geometry-absent-not-groundable;image-payload-not-embedded;low-contrast-not-detected;markdown-table-spans-flattened;mcid-property-list-by-name;off-page-text;page-raster-not-emitted;predefined-cmaps-not-vendored;reading-order-geometric-only;undrawn-table-edges-not-supplied;unruled-table-candidate-refused;untagged-structure-tree-absent	663991	0.024
odl-bench	01030000000029.pdf	0		0			1	1	0	0	0	0	complete	backend-xref-strict-20-byte;form-xobject-text-not-descended;geometry-absent-not-groundable;image-payload-not-embedded;low-contrast-not-detected;markdown-table-spans-flattened;mcid-property-list-by-name;off-page-text;page-raster-not-emitted;predefined-cmaps-not-vendored;reading-order-geometric-only;undrawn-table-edges-not-supplied;unruled-table-candidate-refused;untagged-structure-tree-absent	666998	0.024
odl-bench	01030000000030.pdf	1		0			1	1	0	0	0	0	complete	backend-xref-strict-20-byte;form-xobject-text-not-descended;geometry-absent-not-groundable;image-payload-not-embedded;low-contrast-not-detected;markdown-table-spans-flattened;mcid-property-list-by-name;non-text-nodes-not-projected;off-page-text;page-raster-not-emitted;predefined-cmaps-not-vendored;reading-order-geometric-only;undrawn-table-edges-not-supplied;unruled-table-candidate-refused;untagged-structure-tree-absent	513364	0.023
odl-bench	01030000000031.pdf	1		0			1	1	0	0	0	0	complete	backend-xref-strict-20-byte;form-xobject-text-not-descended;geometry-absent-not-groundable;image-payload-not-embedded;low-contrast-not-detected;markdown-table-spans-flattened;mcid-property-list-by-name;non-text-nodes-not-projected;off-page-text;page-raster-not-emitted;predefined-cmaps-not-vendored;reading-order-geometric-only;undrawn-table-edges-not-supplied;unruled-table-candidate-refused;untagged-structure-tree-absent	571267	0.023
odl-bench	01030000000032.pdf	1		0			1	1	0	0	0	0	complete	backend-xref-strict-20-byte;form-xobject-text-not-descended;geometry-absent-not-groundable;image-payload-not-embedded;low-contrast-not-detected;markdown-table-spans-flattened;non-text-nodes-not-projected;page-raster-not-emitted;predefined-cmaps-not-vendored;reading-order-geometric-only;undrawn-table-edges-not-supplied;unruled-table-candidate-refused;untagged-structure-tree-absent	443291	0.021
odl-bench	01030000000033.pdf	1		0			1	1	0	0	0	0	complete	backend-xref-strict-20-byte;form-xobject-text-not-descended;geometry-absent-not-groundable;image-payload-not-embedded;low-contrast-not-detected;markdown-table-spans-flattened;non-text-nodes-not-projected;page-raster-not-emitted;predefined-cmaps-not-vendored;reading-order-geometric-only;undrawn-table-edges-not-supplied;unruled-table-candidate-refused;untagged-structure-tree-absent	478518	0.023
odl-bench	01030000000034.pdf	1		0			1	1	0	0	0	0	complete	backend-xref-strict-20-byte;broken-font-encoding;form-xobject-text-not-descended;geometry-absent-not-groundable;image-payload-not-embedded;low-contrast-not-detected;markdown-table-spans-flattened;non-text-nodes-not-projected;page-raster-not-emitted;predefined-cmaps-not-vendored;reading-order-geometric-only;undrawn-table-edges-not-supplied;unruled-table-candidate-refused;untagged-structure-tree-absent	429853	0.023
odl-bench	01030000000035.pdf	1		0			1	1	0	0	0	0	complete	backend-xref-strict-20-byte;broken-font-encoding;form-xobject-text-not-descended;geometry-absent-not-groundable;image-payload-not-embedded;low-contrast-not-detected;markdown-table-spans-flattened;non-text-nodes-not-projected;page-raster-not-emitted;predefined-cmaps-not-vendored;reading-order-geometric-only;undrawn-table-edges-not-supplied;unruled-table-candidate-refused;untagged-structure-tree-absent	409702	0.018
odl-bench	01030000000036.pdf	1		0			1	1	0	0	0	0	complete	backend-xref-strict-20-byte;form-xobject-text-not-descended;form-xobjects-not-descended;geometry-absent-not-groundable;image-payload-not-embedded;low-contrast-not-detected;markdown-table-spans-flattened;mcid-property-list-by-name;off-page-text;page-raster-not-emitted;predefined-cmaps-not-vendored;reading-order-geometric-only;ruled-table-candidate-refused;undrawn-table-edges-not-supplied;unruled-table-candidate-refused;untagged-structure-tree-absent	171365	0.017
odl-bench	01030000000037.pdf	1		0			1	1	0	0	0	0	complete	backend-xref-strict-20-byte;form-xobject-text-not-descended;form-xobjects-not-descended;image-payload-not-embedded;low-contrast-not-detected;markdown-table-spans-flattened;mcid-property-list-by-name;page-raster-not-emitted;predefined-cmaps-not-vendored;reading-order-geometric-only;ruled-table-candidate-refused;undrawn-table-edges-not-supplied;unruled-table-candidate-refused;untagged-structure-tree-absent	120759	0.018
odl-bench	01030000000038.pdf	1		0			1	1	0	0	0	0	complete	backend-xref-strict-20-byte;form-xobject-text-not-descended;form-xobjects-not-descended;geometry-absent-not-groundable;image-payload-not-embedded;low-contrast-not-detected;markdown-table-spans-flattened;mcid-property-list-by-name;page-raster-not-emitted;predefined-cmaps-not-vendored;reading-order-geometric-only;ruled-table-candidate-refused;undrawn-table-edges-not-supplied;unruled-table-candidate-refused;untagged-structure-tree-absent	113852	0.017
odl-bench	01030000000039.pdf	1		0			1	1	0	0	0	0	complete	backend-xref-strict-20-byte;form-xobject-text-not-descended;form-xobjects-not-descended;geometry-absent-not-groundable;image-payload-not-embedded;low-contrast-not-detected;markdown-table-spans-flattened;mcid-property-list-by-name;page-raster-not-emitted;predefined-cmaps-not-vendored;reading-order-geometric-only;ruled-table-candidate-refused;undrawn-table-edges-not-supplied;unruled-table-candidate-refused;untagged-structure-tree-absent	98384	0.016
odl-bench	01030000000040.pdf	0		0			1	1	0	0	0	0	complete	backend-xref-strict-20-byte;composite-font-codes-from-tounicode;form-xobject-text-not-descended;form-xobjects-not-descended;image-payload-not-embedded;low-contrast-not-detected;markdown-table-spans-flattened;page-raster-not-emitted;predefined-cmaps-not-vendored;reading-order-geometric-only;undrawn-table-edges-not-supplied;unruled-table-candidate-refused;untagged-structure-tree-absent	254975	0.018
odl-bench	01030000000041.pdf	0		0			1	1	0	0	0	0	complete	backend-xref-strict-20-byte;composite-font-codes-from-tounicode;form-xobject-text-not-descended;form-xobjects-not-descended;geometry-absent-not-groundable;image-payload-not-embedded;low-contrast-not-detected;markdown-table-spans-flattened;page-raster-not-emitted;predefined-cmaps-not-vendored;reading-order-geometric-only;undrawn-table-edges-not-supplied;unruled-table-candidate-refused;untagged-structure-tree-absent	295288	0.020
odl-bench	01030000000042.pdf	0		0			1	1	0	0	0	0	complete	backend-xref-strict-20-byte;composite-font-codes-from-tounicode;form-xobject-text-not-descended;form-xobjects-not-descended;geometry-absent-not-groundable;image-payload-not-embedded;low-contrast-not-detected;markdown-table-spans-flattened;page-raster-not-emitted;predefined-cmaps-not-vendored;reading-order-geometric-only;undrawn-table-edges-not-supplied;unruled-table-candidate-refused;untagged-structure-tree-absent	370107	0.021
odl-bench	01030000000043.pdf	1		0			1	1	0	0	0	0	complete	backend-xref-strict-20-byte;form-xobject-text-not-descended;form-xobjects-not-descended;geometry-absent-not-groundable;image-payload-not-embedded;low-contrast-not-detected;markdown-table-spans-flattened;page-raster-not-emitted;predefined-cmaps-not-vendored;reading-order-geometric-only;undrawn-table-edges-not-supplied;unruled-table-candidate-refused;untagged-structure-tree-absent	224261	0.019
odl-bench	01030000000044.pdf	0		0			1	1	0	0	0	0	complete	backend-xref-strict-20-byte;form-xobject-text-not-descended;image-payload-not-embedded;low-contrast-not-detected;markdown-table-spans-flattened;page-raster-not-emitted;predefined-cmaps-not-vendored;reading-order-geometric-only;stroke-ruled-table-candidate-refused;undrawn-table-edges-not-supplied;unruled-table-candidate-refused;untagged-structure-tree-absent	24528	0.016
odl-bench	01030000000045.pdf	0		0			1	1	0	0	0	0	complete	backend-xref-strict-20-byte;composite-font-codes-from-tounicode;form-xobject-text-not-descended;form-xobjects-not-descended;geometry-absent-not-groundable;image-payload-not-embedded;low-contrast-not-detected;markdown-table-spans-flattened;page-raster-not-emitted;predefined-cmaps-not-vendored;reading-order-geometric-only;undrawn-table-edges-not-supplied;unruled-table-candidate-refused;untagged-structure-tree-absent	51198	0.016
odl-bench	01030000000046.pdf	1		0			1	1	0	0	0	0	complete	backend-xref-strict-20-byte;composite-font-codes-from-tounicode;form-xobject-text-not-descended;form-xobjects-not-descended;geometry-absent-not-groundable;image-payload-not-embedded;low-contrast-not-detected;markdown-table-spans-flattened;page-raster-not-emitted;predefined-cmaps-not-vendored;reading-order-geometric-only;undrawn-table-edges-not-supplied;unruled-table-candidate-refused;untagged-structure-tree-absent	77076	0.017
odl-bench	01030000000047.pdf	1		0			1	1	0	0	0	0	complete	backend-xref-strict-20-byte;composite-font-codes-from-tounicode;form-xobject-text-not-descended;form-xobjects-not-descended;geometry-absent-not-groundable;image-payload-not-embedded;low-contrast-not-detected;markdown-table-spans-flattened;page-raster-not-emitted;predefined-cmaps-not-vendored;reading-order-geometric-only;undrawn-table-edges-not-supplied;unruled-table-candidate-refused;untagged-structure-tree-absent	57592	0.015
odl-bench	01030000000048.pdf	0		0			1	1	0	0	0	0	complete	backend-xref-strict-20-byte;composite-font-codes-from-tounicode;form-xobject-text-not-descended;form-xobjects-not-descended;geometry-absent-not-groundable;image-payload-not-embedded;low-contrast-not-detected;markdown-table-spans-flattened;page-raster-not-emitted;predefined-cmaps-not-vendored;reading-order-geometric-only;undrawn-table-edges-not-supplied;unruled-table-candidate-refused;untagged-structure-tree-absent	194149	0.017
odl-bench	01030000000049.pdf	0		0			1	1	0	0	0	0	complete	backend-xref-strict-20-byte;composite-font-codes-from-tounicode;form-xobject-text-not-descended;form-xobjects-not-descended;geometry-absent-not-groundable;image-payload-not-embedded;low-contrast-not-detected;markdown-table-spans-flattened;page-raster-not-emitted;predefined-cmaps-not-vendored;reading-order-geometric-only;undrawn-table-edges-not-supplied;unruled-table-candidate-refused;untagged-structure-tree-absent	181038	0.016
odl-bench	01030000000050.pdf	0		0			1	1	0	0	0	0	complete	backend-xref-strict-20-byte;composite-font-codes-from-tounicode;form-xobject-text-not-descended;form-xobjects-not-descended;geometry-absent-not-groundable;image-payload-not-embedded;low-contrast-not-detected;markdown-table-spans-flattened;page-raster-not-emitted;predefined-cmaps-not-vendored;reading-order-geometric-only;undrawn-table-edges-not-supplied;unruled-table-candidate-refused;untagged-structure-tree-absent	128745	0.015
odl-bench	01030000000051.pdf	0		0			1	1	0	0	0	0	complete	backend-xref-strict-20-byte;composite-font-codes-from-tounicode;form-xobject-text-not-descended;form-xobjects-not-descended;geometry-absent-not-groundable;image-payload-not-embedded;low-contrast-not-detected;markdown-table-spans-flattened;page-raster-not-emitted;predefined-cmaps-not-vendored;reading-order-geometric-only;undrawn-table-edges-not-supplied;unruled-table-candidate-refused;untagged-structure-tree-absent	115650	0.015
odl-bench	01030000000052.pdf	0		0			1	1	0	0	0	0	complete	backend-xref-strict-20-byte;composite-font-codes-from-tounicode;form-xobject-text-not-descended;form-xobjects-not-descended;geometry-absent-not-groundable;image-payload-not-embedded;low-contrast-not-detected;markdown-table-spans-flattened;page-raster-not-emitted;predefined-cmaps-not-vendored;reading-order-geometric-only;undrawn-table-edges-not-supplied;unruled-table-candidate-refused;untagged-structure-tree-absent	143840	0.014
odl-bench	01030000000053.pdf	0		0			1	1	0	0	0	0	complete	backend-xref-strict-20-byte;composite-font-codes-from-tounicode;form-xobject-text-not-descended;form-xobjects-not-descended;geometry-absent-not-groundable;image-payload-not-embedded;low-contrast-not-detected;markdown-table-spans-flattened;page-raster-not-emitted;predefined-cmaps-not-vendored;reading-order-geometric-only;undrawn-table-edges-not-supplied;unruled-table-candidate-refused;untagged-structure-tree-absent	123432	0.016
odl-bench	01030000000054.pdf	1		0			1	1	0	0	0	0	complete	backend-xref-strict-20-byte;composite-font-codes-from-tounicode;form-xobject-text-not-descended;geometry-absent-not-groundable;image-payload-not-embedded;low-contrast-not-detected;markdown-table-spans-flattened;page-raster-not-emitted;predefined-cmaps-not-vendored;reading-order-geometric-only;undrawn-table-edges-not-supplied;unruled-table-candidate-refused;untagged-structure-tree-absent	547939	0.023
odl-bench	01030000000055.pdf	1		0			1	1	0	0	0	0	complete	backend-xref-strict-20-byte;composite-font-codes-from-tounicode;form-xobject-text-not-descended;form-xobjects-not-descended;geometry-absent-not-groundable;image-payload-not-embedded;low-contrast-not-detected;markdown-table-spans-flattened;page-raster-not-emitted;predefined-cmaps-not-vendored;reading-order-geometric-only;undrawn-table-edges-not-supplied;unruled-table-candidate-refused;untagged-structure-tree-absent	510272	0.029
odl-bench	01030000000056.pdf	1		0			1	1	0	0	0	0	complete	backend-xref-strict-20-byte;composite-font-codes-from-tounicode;form-xobject-text-not-descended;geometry-absent-not-groundable;image-payload-not-embedded;low-contrast-not-detected;markdown-table-spans-flattened;non-text-nodes-not-projected;page-raster-not-emitted;predefined-cmaps-not-vendored;reading-order-geometric-only;undrawn-table-edges-not-supplied;unruled-table-candidate-refused;untagged-structure-tree-absent	295787	0.017
odl-bench	01030000000057.pdf	1		0			1	1	0	0	0	0	complete	backend-xref-strict-20-byte;composite-font-codes-from-tounicode;form-xobject-text-not-descended;geometry-absent-not-groundable;image-payload-not-embedded;low-contrast-not-detected;markdown-table-spans-flattened;non-text-nodes-not-projected;page-raster-not-emitted;predefined-cmaps-not-vendored;reading-order-geometric-only;undrawn-table-edges-not-supplied;unruled-table-candidate-refused;untagged-structure-tree-absent	383755	0.020
odl-bench	01030000000058.pdf	1		0			1	1	0	0	0	0	complete	backend-xref-strict-20-byte;composite-font-codes-from-tounicode;form-xobject-text-not-descended;geometry-absent-not-groundable;image-payload-not-embedded;low-contrast-not-detected;markdown-table-spans-flattened;non-text-nodes-not-projected;page-raster-not-emitted;predefined-cmaps-not-vendored;reading-order-geometric-only;undrawn-table-edges-not-supplied;unruled-table-candidate-refused;untagged-structure-tree-absent	290581	0.018
odl-bench	01030000000059.pdf	1		0			1	1	0	0	0	0	complete	backend-xref-strict-20-byte;composite-font-codes-from-tounicode;form-xobject-text-not-descended;geometry-absent-not-groundable;image-payload-not-embedded;low-contrast-not-detected;markdown-table-spans-flattened;non-text-nodes-not-projected;page-raster-not-emitted;predefined-cmaps-not-vendored;reading-order-geometric-only;undrawn-table-edges-not-supplied;unruled-table-candidate-refused;untagged-structure-tree-absent	223378	0.018
odl-bench	01030000000060.pdf	1		0			1	1	0	0	0	0	complete	backend-xref-strict-20-byte;composite-font-codes-from-tounicode;form-xobject-text-not-descended;geometry-absent-not-groundable;image-payload-not-embedded;low-contrast-not-detected;markdown-table-spans-flattened;non-text-nodes-not-projected;page-raster-not-emitted;predefined-cmaps-not-vendored;reading-order-geometric-only;undrawn-table-edges-not-supplied;unruled-table-candidate-refused;untagged-structure-tree-absent	282976	0.019
odl-bench	01030000000061.pdf	1		0			1	1	0	0	0	0	complete	backend-xref-strict-20-byte;composite-font-codes-from-tounicode;form-xobject-text-not-descended;form-xobjects-not-descended;geometry-absent-not-groundable;image-payload-not-embedded;low-contrast-not-detected;markdown-table-spans-flattened;page-raster-not-emitted;predefined-cmaps-not-vendored;reading-order-geometric-only;undrawn-table-edges-not-supplied;unruled-table-candidate-refused;untagged-structure-tree-absent	227412	0.019
odl-bench	01030000000062.pdf	1		0			1	1	0	0	0	0	complete	backend-xref-strict-20-byte;composite-font-codes-from-tounicode;form-xobject-text-not-descended;geometry-absent-not-groundable;image-payload-not-embedded;low-contrast-not-detected;markdown-table-spans-flattened;non-text-nodes-not-projected;page-raster-not-emitted;predefined-cmaps-not-vendored;reading-order-geometric-only;undrawn-table-edges-not-supplied;unruled-table-candidate-refused;untagged-structure-tree-absent	466910	0.022
odl-bench	01030000000063.pdf	1		0			1	1	0	0	0	0	complete	backend-xref-strict-20-byte;form-xobject-text-not-descended;geometry-absent-not-groundable;image-payload-not-embedded;low-contrast-not-detected;markdown-table-spans-flattened;non-text-nodes-not-projected;page-raster-not-emitted;predefined-cmaps-not-vendored;reading-order-geometric-only;undrawn-table-edges-not-supplied;unruled-table-candidate-refused;untagged-structure-tree-absent	201614	0.018
odl-bench	01030000000064.pdf	1		0			1	1	0	0	0	0	complete	backend-xref-strict-20-byte;form-xobject-text-not-descended;geometry-absent-not-groundable;image-payload-not-embedded;low-contrast-not-detected;markdown-table-spans-flattened;page-raster-not-emitted;predefined-cmaps-not-vendored;reading-order-geometric-only;ruled-table-candidate-refused;undrawn-table-edges-not-supplied;unruled-table-candidate-refused;untagged-structure-tree-absent	503509	0.021
odl-bench	01030000000065.pdf	1		0			1	1	0	0	0	0	complete	backend-xref-strict-20-byte;form-xobject-text-not-descended;geometry-absent-not-groundable;image-payload-not-embedded;low-contrast-not-detected;markdown-table-spans-flattened;non-text-nodes-not-projected;page-raster-not-emitted;predefined-cmaps-not-vendored;reading-order-geometric-only;undrawn-table-edges-not-supplied;unruled-table-candidate-refused;untagged-structure-tree-absent	363450	0.020
odl-bench	01030000000066.pdf	1		0			1	1	0	0	0	0	complete	backend-xref-strict-20-byte;form-xobject-text-not-descended;form-xobjects-not-descended;geometry-absent-not-groundable;image-payload-not-embedded;low-contrast-not-detected;markdown-table-spans-flattened;non-text-nodes-not-projected;page-raster-not-emitted;predefined-cmaps-not-vendored;reading-order-geometric-only;undrawn-table-edges-not-supplied;unruled-table-candidate-refused;untagged-structure-tree-absent	167110	0.018
odl-bench	01030000000067.pdf	0		0			1	1	0	0	0	0	complete	backend-xref-strict-20-byte;form-xobject-text-not-descended;form-xobjects-not-descended;geometry-absent-not-groundable;image-payload-not-embedded;low-contrast-not-detected;markdown-table-spans-flattened;page-raster-not-emitted;predefined-cmaps-not-vendored;reading-order-geometric-only;undrawn-table-edges-not-supplied;unruled-table-candidate-refused;untagged-structure-tree-absent	158628	0.017
odl-bench	01030000000068.pdf	1		0			1	1	0	0	0	0	complete	backend-xref-strict-20-byte;form-xobject-text-not-descended;form-xobjects-not-descended;geometry-absent-not-groundable;image-payload-not-embedded;low-contrast-not-detected;markdown-table-spans-flattened;non-text-nodes-not-projected;page-raster-not-emitted;predefined-cmaps-not-vendored;reading-order-geometric-only;undrawn-table-edges-not-supplied;unruled-table-candidate-refused;untagged-structure-tree-absent	215137	0.018
odl-bench	01030000000069.pdf	1		0			1	1	0	0	0	0	complete	backend-xref-strict-20-byte;form-xobject-text-not-descended;form-xobjects-not-descended;geometry-absent-not-groundable;image-payload-not-embedded;low-contrast-not-detected;markdown-table-spans-flattened;non-text-nodes-not-projected;page-raster-not-emitted;predefined-cmaps-not-vendored;reading-order-geometric-only;undrawn-table-edges-not-supplied;unruled-table-candidate-refused;untagged-structure-tree-absent	234823	0.020
odl-bench	01030000000070.pdf	1		0			1	1	0	0	0	0	complete	backend-xref-strict-20-byte;composite-font-codes-from-tounicode;form-xobject-text-not-descended;geometry-absent-not-groundable;image-payload-not-embedded;low-contrast-not-detected;markdown-table-spans-flattened;non-text-nodes-not-projected;page-raster-not-emitted;predefined-cmaps-not-vendored;reading-order-geometric-only;ruled-table-candidate-refused;undrawn-table-edges-not-supplied;unruled-table-candidate-refused;untagged-structure-tree-absent	187623	0.026
odl-bench	01030000000071.pdf	1		0			1	1	0	0	0	0	complete	backend-xref-strict-20-byte;composite-font-codes-from-tounicode;form-xobject-text-not-descended;geometry-absent-not-groundable;image-payload-not-embedded;low-contrast-not-detected;markdown-table-spans-flattened;page-raster-not-emitted;predefined-cmaps-not-vendored;reading-order-geometric-only;ruled-table-candidate-refused;undrawn-table-edges-not-supplied;unruled-table-candidate-refused;untagged-structure-tree-absent	527780	0.024
odl-bench	01030000000072.pdf	1		0			1	1	0	0	0	0	complete	backend-xref-strict-20-byte;composite-font-codes-from-tounicode;form-xobject-text-not-descended;geometry-absent-not-groundable;image-payload-not-embedded;low-contrast-not-detected;markdown-table-spans-flattened;non-text-nodes-not-projected;page-raster-not-emitted;predefined-cmaps-not-vendored;reading-order-geometric-only;ruled-table-candidate-refused;undrawn-table-edges-not-supplied;unruled-table-candidate-refused;untagged-structure-tree-absent	213342	0.020
odl-bench	01030000000073.pdf	1		0			1	1	0	0	0	0	complete	backend-xref-strict-20-byte;composite-font-codes-from-tounicode;form-xobject-text-not-descended;geometry-absent-not-groundable;image-payload-not-embedded;low-contrast-not-detected;markdown-table-spans-flattened;non-text-nodes-not-projected;page-raster-not-emitted;predefined-cmaps-not-vendored;reading-order-geometric-only;ruled-table-candidate-refused;undrawn-table-edges-not-supplied;unruled-table-candidate-refused;untagged-structure-tree-absent	265168	0.019
odl-bench	01030000000074.pdf	1		0			1	1	0	0	0	0	complete	backend-xref-strict-20-byte;form-xobject-text-not-descended;form-xobjects-not-descended;geometry-absent-not-groundable;image-payload-not-embedded;low-contrast-not-detected;markdown-table-spans-flattened;page-raster-not-emitted;predefined-cmaps-not-vendored;reading-order-geometric-only;ruled-table-candidate-refused;undrawn-table-edges-not-supplied;unruled-table-candidate-refused;untagged-structure-tree-absent	79733	0.018
odl-bench	01030000000075.pdf	1		0			1	1	0	0	0	0	complete	backend-xref-strict-20-byte;form-xobject-text-not-descended;form-xobjects-not-descended;geometry-absent-not-groundable;image-payload-not-embedded;low-contrast-not-detected;markdown-table-spans-flattened;mcid-property-list-by-name;page-raster-not-emitted;predefined-cmaps-not-vendored;reading-order-geometric-only;ruled-table-candidate-refused;undrawn-table-edges-not-supplied;unruled-table-candidate-refused;untagged-structure-tree-absent	132978	0.014
odl-bench	01030000000076.pdf	1		0			1	1	0	0	0	0	complete	backend-xref-strict-20-byte;form-xobject-text-not-descended;form-xobjects-not-descended;geometry-absent-not-groundable;image-payload-not-embedded;low-contrast-not-detected;markdown-table-spans-flattened;page-raster-not-emitted;predefined-cmaps-not-vendored;reading-order-geometric-only;ruled-table-candidate-refused;undrawn-table-edges-not-supplied;unruled-table-candidate-refused;untagged-structure-tree-absent	101144	0.014
odl-bench	01030000000077.pdf	1		0			1	1	0	0	0	0	complete	backend-xref-strict-20-byte;form-xobject-text-not-descended;form-xobjects-not-descended;geometry-absent-not-groundable;image-payload-not-embedded;low-contrast-not-detected;markdown-table-spans-flattened;page-raster-not-emitted;predefined-cmaps-not-vendored;reading-order-geometric-only;ruled-table-candidate-refused;undrawn-table-edges-not-supplied;unruled-table-candidate-refused;untagged-structure-tree-absent	91686	0.013
odl-bench	01030000000078.pdf	1		0			1	1	0	0	0	0	complete	backend-xref-strict-20-byte;form-xobject-text-not-descended;form-xobjects-not-descended;geometry-absent-not-groundable;image-payload-not-embedded;low-contrast-not-detected;markdown-table-spans-flattened;mcid-property-list-by-name;page-raster-not-emitted;predefined-cmaps-not-vendored;reading-order-geometric-only;ruled-table-candidate-refused;undrawn-table-edges-not-supplied;unruled-table-candidate-refused;untagged-structure-tree-absent	132574	0.015
odl-bench	01030000000079.pdf	0		0			1	1	0	0	0	0	complete	backend-xref-strict-20-byte;composite-font-codes-from-tounicode;form-xobject-text-not-descended;form-xobjects-not-descended;geometry-absent-not-groundable;image-payload-not-embedded;low-contrast-not-detected;markdown-table-spans-flattened;page-raster-not-emitted;predefined-cmaps-not-vendored;reading-order-geometric-only;undrawn-table-edges-not-supplied;unruled-table-candidate-refused;untagged-structure-tree-absent	75961	0.014
odl-bench	01030000000080.pdf	0		0			1	1	0	0	0	0	complete	backend-xref-strict-20-byte;composite-font-codes-from-tounicode;form-xobject-text-not-descended;form-xobjects-not-descended;geometry-absent-not-groundable;image-payload-not-embedded;low-contrast-not-detected;markdown-table-spans-flattened;page-raster-not-emitted;predefined-cmaps-not-vendored;reading-order-geometric-only;undrawn-table-edges-not-supplied;unruled-table-candidate-refused;untagged-structure-tree-absent	93568	0.016
odl-bench	01030000000081.pdf	1		0			1	1	0	0	0	0	complete	backend-xref-strict-20-byte;composite-font-codes-from-tounicode;form-xobject-text-not-descended;form-xobjects-not-descended;geometry-absent-not-groundable;image-payload-not-embedded;low-contrast-not-detected;markdown-table-spans-flattened;page-raster-not-emitted;predefined-cmaps-not-vendored;reading-order-geometric-only;undrawn-table-edges-not-supplied;unruled-table-candidate-refused;untagged-structure-tree-absent	83586	0.016
odl-bench	01030000000082.pdf	1		0			1	1	0	0	0	0	complete	backend-xref-strict-20-byte;form-xobject-text-not-descended;form-xobjects-not-descended;geometry-absent-not-groundable;image-payload-not-embedded;low-contrast-not-detected;markdown-table-spans-flattened;page-raster-not-emitted;predefined-cmaps-not-vendored;reading-order-geometric-only;stroke-ruled-table-candidate-refused;undrawn-table-edges-not-supplied;unruled-table-candidate-refused;untagged-structure-tree-absent	59089	0.015
odl-bench	01030000000083.pdf	1		0			1	1	0	0	0	0	complete	backend-xref-strict-20-byte;composite-font-codes-from-tounicode;form-xobject-text-not-descended;form-xobjects-not-descended;geometry-absent-not-groundable;image-payload-not-embedded;low-contrast-not-detected;markdown-table-spans-flattened;page-raster-not-emitted;predefined-cmaps-not-vendored;reading-order-geometric-only;stroke-ruled-table-candidate-refused;undrawn-table-edges-not-supplied;unruled-table-candidate-refused;untagged-structure-tree-absent	80976	0.015
odl-bench	01030000000084.pdf	1		0			1	1	0	0	0	0	complete	backend-xref-strict-20-byte;form-xobject-text-not-descended;form-xobjects-not-descended;geometry-absent-not-groundable;image-payload-not-embedded;low-contrast-not-detected;markdown-table-spans-flattened;page-raster-not-emitted;predefined-cmaps-not-vendored;reading-order-geometric-only;stroke-ruled-table-candidate-refused;undrawn-table-edges-not-supplied;unruled-table-candidate-refused;untagged-structure-tree-absent	46959	0.013
odl-bench	01030000000085.pdf	1		0			1	1	0	0	0	0	complete	backend-xref-strict-20-byte;composite-font-codes-from-tounicode;form-xobject-text-not-descended;geometry-absent-not-groundable;image-payload-not-embedded;low-contrast-not-detected;markdown-table-spans-flattened;non-text-nodes-not-projected;page-raster-not-emitted;predefined-cmaps-not-vendored;reading-order-geometric-only;undrawn-table-edges-not-supplied;unruled-table-candidate-refused;untagged-structure-tree-absent	72145	0.015
odl-bench	01030000000086.pdf	1		0			1	1	0	0	0	0	complete	backend-xref-strict-20-byte;composite-font-codes-from-tounicode;form-xobject-text-not-descended;geometry-absent-not-groundable;image-payload-not-embedded;low-contrast-not-detected;markdown-table-spans-flattened;non-text-nodes-not-projected;page-raster-not-emitted;predefined-cmaps-not-vendored;reading-order-geometric-only;undrawn-table-edges-not-supplied;unruled-table-candidate-refused;untagged-structure-tree-absent	454757	0.020
odl-bench	01030000000087.pdf	1		0			1	1	0	0	0	0	complete	backend-xref-strict-20-byte;composite-font-codes-from-tounicode;form-xobject-text-not-descended;geometry-absent-not-groundable;image-payload-not-embedded;low-contrast-not-detected;markdown-table-spans-flattened;non-text-nodes-not-projected;page-raster-not-emitted;predefined-cmaps-not-vendored;reading-order-geometric-only;undrawn-table-edges-not-supplied;unruled-table-candidate-refused;untagged-structure-tree-absent	357668	0.019
odl-bench	01030000000088.pdf	1		0			1	1	0	0	0	0	complete	backend-xref-strict-20-byte;composite-font-codes-from-tounicode;form-xobject-text-not-descended;geometry-absent-not-groundable;image-payload-not-embedded;low-contrast-not-detected;markdown-table-spans-flattened;page-raster-not-emitted;predefined-cmaps-not-vendored;reading-order-geometric-only;ruled-table-candidate-refused;undrawn-table-edges-not-supplied;unruled-table-candidate-refused;untagged-structure-tree-absent	232109	0.017
odl-bench	01030000000089.pdf	1		0			1	1	0	0	0	0	complete	backend-xref-strict-20-byte;form-xobject-text-not-descended;geometry-absent-not-groundable;image-payload-not-embedded;low-contrast-not-detected;markdown-table-spans-flattened;page-raster-not-emitted;predefined-cmaps-not-vendored;reading-order-geometric-only;ruled-table-candidate-refused;undrawn-table-edges-not-supplied;unruled-table-candidate-refused;untagged-structure-tree-absent	220181	0.016
odl-bench	01030000000090.pdf	1		0			1	1	0	0	0	0	complete	backend-xref-strict-20-byte;composite-font-codes-from-tounicode;form-xobject-text-not-descended;geometry-absent-not-groundable;image-payload-not-embedded;low-contrast-not-detected;markdown-table-spans-flattened;page-raster-not-emitted;predefined-cmaps-not-vendored;reading-order-geometric-only;ruled-table-candidate-refused;undrawn-table-edges-not-supplied;unruled-table-candidate-refused;untagged-structure-tree-absent	214347	0.017
odl-bench	01030000000091.pdf	0		0			1	1	0	0	0	0	complete	backend-xref-strict-20-byte;broken-font-encoding;form-xobject-text-not-descended;geometry-absent-not-groundable;image-payload-not-embedded;low-contrast-not-detected;markdown-table-spans-flattened;page-raster-not-emitted;predefined-cmaps-not-vendored;reading-order-geometric-only;undrawn-table-edges-not-supplied;unruled-table-candidate-refused;untagged-structure-tree-absent	262492	0.018
odl-bench	01030000000092.pdf	0		0			1	1	0	0	0	0	complete	backend-xref-strict-20-byte;broken-font-encoding;form-xobject-text-not-descended;geometry-absent-not-groundable;image-payload-not-embedded;low-contrast-not-detected;markdown-table-spans-flattened;page-raster-not-emitted;predefined-cmaps-not-vendored;reading-order-geometric-only;undrawn-table-edges-not-supplied;unruled-table-candidate-refused;untagged-structure-tree-absent	372428	0.020
odl-bench	01030000000093.pdf	0		0			1	1	0	0	0	0	complete	backend-xref-strict-20-byte;form-xobject-text-not-descended;geometry-absent-not-groundable;image-payload-not-embedded;low-contrast-not-detected;markdown-table-spans-flattened;page-raster-not-emitted;predefined-cmaps-not-vendored;reading-order-geometric-only;undrawn-table-edges-not-supplied;unruled-table-candidate-refused;untagged-structure-tree-absent	326598	0.019
odl-bench	01030000000094.pdf	1		0			1	1	0	0	0	0	complete	backend-xref-strict-20-byte;form-xobject-text-not-descended;geometry-absent-not-groundable;image-payload-not-embedded;low-contrast-not-detected;markdown-table-spans-flattened;non-text-nodes-not-projected;page-raster-not-emitted;predefined-cmaps-not-vendored;reading-order-geometric-only;undrawn-table-edges-not-supplied;unruled-table-candidate-refused;untagged-structure-tree-absent	96729	0.015
odl-bench	01030000000095.pdf	1		0			1	1	0	0	0	0	complete	backend-xref-strict-20-byte;form-xobject-text-not-descended;geometry-absent-not-groundable;image-payload-not-embedded;low-contrast-not-detected;markdown-table-spans-flattened;non-text-nodes-not-projected;page-raster-not-emitted;predefined-cmaps-not-vendored;reading-order-geometric-only;undrawn-table-edges-not-supplied;unruled-table-candidate-refused;untagged-structure-tree-absent	177286	0.016
odl-bench	01030000000096.pdf	1		0			1	1	0	0	0	0	complete	backend-xref-strict-20-byte;form-xobject-text-not-descended;geometry-absent-not-groundable;image-payload-not-embedded;low-contrast-not-detected;markdown-table-spans-flattened;non-text-nodes-not-projected;page-raster-not-emitted;predefined-cmaps-not-vendored;reading-order-geometric-only;undrawn-table-edges-not-supplied;unruled-table-candidate-refused;untagged-structure-tree-absent	85297	0.015
odl-bench	01030000000097.pdf	1		0			1	1	0	0	0	0	complete	backend-xref-strict-20-byte;form-xobject-text-not-descended;geometry-absent-not-groundable;image-payload-not-embedded;low-contrast-not-detected;markdown-table-spans-flattened;non-text-nodes-not-projected;page-raster-not-emitted;predefined-cmaps-not-vendored;reading-order-geometric-only;undrawn-table-edges-not-supplied;unruled-table-candidate-refused;untagged-structure-tree-absent	183196	0.021
odl-bench	01030000000098.pdf	1		0			1	1	0	0	0	0	complete	backend-xref-strict-20-byte;form-xobject-text-not-descended;geometry-absent-not-groundable;image-payload-not-embedded;low-contrast-not-detected;markdown-table-spans-flattened;non-text-nodes-not-projected;page-raster-not-emitted;predefined-cmaps-not-vendored;reading-order-geometric-only;undrawn-table-edges-not-supplied;unruled-table-candidate-refused;untagged-structure-tree-absent	101302	0.015
odl-bench	01030000000099.pdf	1		0			1	1	0	0	0	0	complete	backend-xref-strict-20-byte;form-xobject-text-not-descended;geometry-absent-not-groundable;image-payload-not-embedded;low-contrast-not-detected;markdown-table-spans-flattened;non-text-nodes-not-projected;page-raster-not-emitted;predefined-cmaps-not-vendored;reading-order-geometric-only;undrawn-table-edges-not-supplied;unruled-table-candidate-refused;untagged-structure-tree-absent	96980	0.015
odl-bench	01030000000100.pdf	1		0			1	1	0	0	0	0	complete	backend-xref-strict-20-byte;form-xobject-text-not-descended;geometry-absent-not-groundable;image-payload-not-embedded;low-contrast-not-detected;markdown-table-spans-flattened;non-text-nodes-not-projected;page-raster-not-emitted;predefined-cmaps-not-vendored;reading-order-geometric-only;undrawn-table-edges-not-supplied;unruled-table-candidate-refused;untagged-structure-tree-absent	75979	0.015
odl-bench	01030000000101.pdf	0		0			1	1	0	0	0	0	complete	backend-xref-strict-20-byte;form-xobject-text-not-descended;geometry-absent-not-groundable;image-payload-not-embedded;low-contrast-not-detected;markdown-table-spans-flattened;page-raster-not-emitted;predefined-cmaps-not-vendored;reading-order-geometric-only;undrawn-table-edges-not-supplied;unruled-table-candidate-refused;untagged-structure-tree-absent	370760	0.018
odl-bench	01030000000102.pdf	1		0			1	1	0	0	0	0	complete	backend-xref-strict-20-byte;form-xobject-text-not-descended;geometry-absent-not-groundable;image-payload-not-embedded;low-contrast-not-detected;markdown-table-spans-flattened;non-text-nodes-not-projected;page-raster-not-emitted;predefined-cmaps-not-vendored;reading-order-geometric-only;undrawn-table-edges-not-supplied;unruled-table-candidate-refused;untagged-structure-tree-absent	261478	0.018
odl-bench	01030000000103.pdf	1		0			1	1	0	0	0	0	complete	backend-xref-strict-20-byte;composite-font-codes-from-tounicode;form-xobject-text-not-descended;form-xobjects-not-descended;geometry-absent-not-groundable;image-payload-not-embedded;low-contrast-not-detected;markdown-table-spans-flattened;non-text-nodes-not-projected;page-raster-not-emitted;predefined-cmaps-not-vendored;reading-order-geometric-only;ruled-table-candidate-refused;undrawn-table-edges-not-supplied;unruled-table-candidate-refused;untagged-structure-tree-absent	458886	0.023
odl-bench	01030000000104.pdf	1		0			1	1	0	0	0	0	complete	backend-xref-strict-20-byte;form-xobject-text-not-descended;geometry-absent-not-groundable;image-payload-not-embedded;low-contrast-not-detected;markdown-table-spans-flattened;non-text-nodes-not-projected;page-raster-not-emitted;predefined-cmaps-not-vendored;reading-order-geometric-only;undrawn-table-edges-not-supplied;unruled-table-candidate-refused;untagged-structure-tree-absent	122073	0.016
odl-bench	01030000000105.pdf	1		0			1	1	0	0	0	0	complete	backend-xref-strict-20-byte;form-xobject-text-not-descended;geometry-absent-not-groundable;image-payload-not-embedded;low-contrast-not-detected;markdown-table-spans-flattened;non-text-nodes-not-projected;page-raster-not-emitted;predefined-cmaps-not-vendored;reading-order-geometric-only;undrawn-table-edges-not-supplied;unruled-table-candidate-refused;untagged-structure-tree-absent	139940	0.015
odl-bench	01030000000106.pdf	1		0			1	1	0	0	0	0	complete	backend-xref-strict-20-byte;form-xobject-text-not-descended;geometry-absent-not-groundable;image-payload-not-embedded;low-contrast-not-detected;markdown-table-spans-flattened;non-text-nodes-not-projected;page-raster-not-emitted;predefined-cmaps-not-vendored;reading-order-geometric-only;undrawn-table-edges-not-supplied;unruled-table-candidate-refused;untagged-structure-tree-absent	210443	0.017
odl-bench	01030000000107.pdf	1		0			1	1	0	0	0	0	complete	backend-xref-strict-20-byte;form-xobject-text-not-descended;geometry-absent-not-groundable;image-payload-not-embedded;low-contrast-not-detected;markdown-table-spans-flattened;non-text-nodes-not-projected;page-raster-not-emitted;predefined-cmaps-not-vendored;reading-order-geometric-only;undrawn-table-edges-not-supplied;unruled-table-candidate-refused;untagged-structure-tree-absent	50061	0.014
odl-bench	01030000000108.pdf	0		0			1	1	0	0	0	0	complete	backend-xref-strict-20-byte;form-xobject-text-not-descended;geometry-absent-not-groundable;image-payload-not-embedded;low-contrast-not-detected;markdown-table-spans-flattened;non-text-nodes-not-projected;page-raster-not-emitted;predefined-cmaps-not-vendored;reading-order-geometric-only;undrawn-table-edges-not-supplied;unruled-table-candidate-refused;untagged-structure-tree-absent	51638	0.015
odl-bench	01030000000109.pdf	1		0			1	1	0	0	0	0	complete	backend-xref-strict-20-byte;form-xobject-text-not-descended;geometry-absent-not-groundable;image-payload-not-embedded;low-contrast-not-detected;markdown-table-spans-flattened;page-raster-not-emitted;predefined-cmaps-not-vendored;reading-order-geometric-only;undrawn-table-edges-not-supplied;unruled-table-candidate-refused;untagged-structure-tree-absent	98700	0.017
odl-bench	01030000000110.pdf	1		0			1	1	0	0	0	0	complete	backend-xref-strict-20-byte;form-xobject-text-not-descended;geometry-absent-not-groundable;image-payload-not-embedded;low-contrast-not-detected;markdown-table-spans-flattened;non-text-nodes-not-projected;page-raster-not-emitted;predefined-cmaps-not-vendored;reading-order-geometric-only;undrawn-table-edges-not-supplied;unruled-table-candidate-refused;untagged-structure-tree-absent	128868	0.016
odl-bench	01030000000111.pdf	1		0			1	1	0	0	0	0	complete	backend-xref-strict-20-byte;form-xobject-text-not-descended;geometry-absent-not-groundable;image-payload-not-embedded;low-contrast-not-detected;markdown-table-spans-flattened;non-text-nodes-not-projected;page-raster-not-emitted;predefined-cmaps-not-vendored;reading-order-geometric-only;undrawn-table-edges-not-supplied;unruled-table-candidate-refused;untagged-structure-tree-absent	92132	0.016
odl-bench	01030000000112.pdf	1		0			1	1	0	0	0	0	complete	backend-xref-strict-20-byte;form-xobject-text-not-descended;geometry-absent-not-groundable;image-payload-not-embedded;low-contrast-not-detected;markdown-table-spans-flattened;non-text-nodes-not-projected;page-raster-not-emitted;predefined-cmaps-not-vendored;reading-order-geometric-only;undrawn-table-edges-not-supplied;unruled-table-candidate-refused;untagged-structure-tree-absent	119700	0.016
odl-bench	01030000000113.pdf	0		0			1	1	0	0	0	0	complete	backend-xref-strict-20-byte;form-xobject-text-not-descended;geometry-absent-not-groundable;image-payload-not-embedded;low-contrast-not-detected;markdown-table-spans-flattened;non-text-nodes-not-projected;page-raster-not-emitted;predefined-cmaps-not-vendored;reading-order-geometric-only;undrawn-table-edges-not-supplied;unruled-table-candidate-refused;untagged-structure-tree-absent	382537	0.023
odl-bench	01030000000114.pdf	0		0			1	1	0	0	0	0	complete	backend-xref-strict-20-byte;form-xobject-text-not-descended;geometry-absent-not-groundable;image-payload-not-embedded;low-contrast-not-detected;markdown-table-spans-flattened;non-text-nodes-not-projected;page-raster-not-emitted;predefined-cmaps-not-vendored;reading-order-geometric-only;undrawn-table-edges-not-supplied;unruled-table-candidate-refused;untagged-structure-tree-absent	161582	0.020
odl-bench	01030000000115.pdf	1		0			1	1	0	0	0	0	complete	backend-xref-strict-20-byte;form-xobject-text-not-descended;geometry-absent-not-groundable;image-payload-not-embedded;low-contrast-not-detected;markdown-table-spans-flattened;non-text-nodes-not-projected;page-raster-not-emitted;predefined-cmaps-not-vendored;reading-order-geometric-only;undrawn-table-edges-not-supplied;unruled-table-candidate-refused;untagged-structure-tree-absent	409353	0.022
odl-bench	01030000000116.pdf	1		0			1	1	0	0	0	0	complete	backend-xref-strict-20-byte;broken-font-encoding;composite-font-codes-from-tounicode;form-xobject-text-not-descended;geometry-absent-not-groundable;image-payload-not-embedded;low-contrast-not-detected;markdown-table-spans-flattened;non-text-nodes-not-projected;page-raster-not-emitted;predefined-cmaps-not-vendored;reading-order-geometric-only;undrawn-table-edges-not-supplied;unruled-table-candidate-refused;untagged-structure-tree-absent	241088	0.021
odl-bench	01030000000117.pdf	1		0			1	1	0	0	0	0	complete	backend-xref-strict-20-byte;form-xobject-text-not-descended;geometry-absent-not-groundable;image-payload-not-embedded;low-contrast-not-detected;markdown-table-spans-flattened;page-raster-not-emitted;predefined-cmaps-not-vendored;reading-order-geometric-only;undrawn-table-edges-not-supplied;unruled-table-candidate-refused;untagged-structure-tree-absent	522231	0.022
odl-bench	01030000000118.pdf	1		0			1	1	0	0	0	0	complete	backend-xref-strict-20-byte;form-xobject-text-not-descended;geometry-absent-not-groundable;image-payload-not-embedded;low-contrast-not-detected;markdown-table-spans-flattened;non-text-nodes-not-projected;page-raster-not-emitted;predefined-cmaps-not-vendored;reading-order-geometric-only;undrawn-table-edges-not-supplied;unruled-table-candidate-refused;untagged-structure-tree-absent	391666	0.022
odl-bench	01030000000119.pdf	1		0			1	1	0	0	0	0	complete	backend-xref-strict-20-byte;form-xobject-text-not-descended;geometry-absent-not-groundable;image-payload-not-embedded;low-contrast-not-detected;markdown-table-spans-flattened;page-raster-not-emitted;predefined-cmaps-not-vendored;reading-order-geometric-only;ruled-table-candidate-refused;undrawn-table-edges-not-supplied;unruled-table-candidate-refused;untagged-structure-tree-absent	382809	0.019
odl-bench	01030000000120.pdf	1		0			1	1	0	0	0	0	complete	backend-xref-strict-20-byte;broken-font-encoding;composite-font-codes-from-tounicode;form-xobject-text-not-descended;geometry-absent-not-groundable;image-payload-not-embedded;low-contrast-not-detected;markdown-table-spans-flattened;non-text-nodes-not-projected;page-raster-not-emitted;predefined-cmaps-not-vendored;reading-order-geometric-only;undrawn-table-edges-not-supplied;unruled-table-candidate-refused;untagged-structure-tree-absent	451941	0.022
odl-bench	01030000000121.pdf	1		0			1	1	0	0	0	0	complete	backend-xref-strict-20-byte;composite-font-codes-from-tounicode;form-xobject-text-not-descended;geometry-absent-not-groundable;image-payload-not-embedded;low-contrast-not-detected;markdown-table-spans-flattened;page-raster-not-emitted;predefined-cmaps-not-vendored;reading-order-geometric-only;undrawn-table-edges-not-supplied;unruled-table-candidate-refused;untagged-structure-tree-absent	877602	0.029
odl-bench	01030000000122.pdf	1		0			1	1	0	0	0	0	complete	backend-xref-strict-20-byte;composite-font-codes-from-tounicode;form-xobject-text-not-descended;geometry-absent-not-groundable;image-payload-not-embedded;low-contrast-not-detected;markdown-table-spans-flattened;non-text-nodes-not-projected;page-raster-not-emitted;predefined-cmaps-not-vendored;reading-order-geometric-only;undrawn-table-edges-not-supplied;unruled-table-candidate-refused;untagged-structure-tree-absent	438711	0.024
odl-bench	01030000000123.pdf	1		0			1	1	0	0	0	0	complete	backend-xref-strict-20-byte;form-xobject-text-not-descended;geometry-absent-not-groundable;image-payload-not-embedded;low-contrast-not-detected;markdown-table-spans-flattened;non-text-nodes-not-projected;page-raster-not-emitted;predefined-cmaps-not-vendored;reading-order-geometric-only;undrawn-table-edges-not-supplied;unruled-table-candidate-refused;untagged-structure-tree-absent	131556	0.016
odl-bench	01030000000124.pdf	1		0			1	1	0	0	0	0	complete	backend-xref-strict-20-byte;form-xobject-text-not-descended;geometry-absent-not-groundable;image-payload-not-embedded;low-contrast-not-detected;markdown-table-spans-flattened;non-text-nodes-not-projected;page-raster-not-emitted;predefined-cmaps-not-vendored;reading-order-geometric-only;undrawn-table-edges-not-supplied;unruled-table-candidate-refused;untagged-structure-tree-absent	151017	0.017
odl-bench	01030000000125.pdf	0		0			1	1	0	0	0	0	complete	backend-xref-strict-20-byte;form-xobject-text-not-descended;geometry-absent-not-groundable;image-payload-not-embedded;low-contrast-not-detected;markdown-table-spans-flattened;page-raster-not-emitted;predefined-cmaps-not-vendored;reading-order-geometric-only;undrawn-table-edges-not-supplied;unruled-table-candidate-refused;untagged-structure-tree-absent	113590	0.015
odl-bench	01030000000126.pdf	1		0			1	1	0	0	0	0	complete	backend-xref-strict-20-byte;form-xobject-text-not-descended;geometry-absent-not-groundable;image-payload-not-embedded;low-contrast-not-detected;markdown-table-spans-flattened;non-text-nodes-not-projected;page-raster-not-emitted;predefined-cmaps-not-vendored;reading-order-geometric-only;undrawn-table-edges-not-supplied;unruled-table-candidate-refused;untagged-structure-tree-absent	126979	0.016
odl-bench	01030000000127.pdf	1		0			1	1	0	0	0	0	complete	backend-xref-strict-20-byte;form-xobject-text-not-descended;geometry-absent-not-groundable;image-payload-not-embedded;low-contrast-not-detected;markdown-table-spans-flattened;page-raster-not-emitted;predefined-cmaps-not-vendored;reading-order-geometric-only;undrawn-table-edges-not-supplied;unruled-table-candidate-refused;untagged-structure-tree-absent	332923	0.020
odl-bench	01030000000128.pdf	1		0			1	1	0	0	0	0	complete	backend-xref-strict-20-byte;form-xobject-text-not-descended;geometry-absent-not-groundable;image-payload-not-embedded;low-contrast-not-detected;markdown-table-spans-flattened;non-text-nodes-not-projected;page-raster-not-emitted;predefined-cmaps-not-vendored;reading-order-geometric-only;ruled-table-candidate-refused;undrawn-table-edges-not-supplied;unruled-table-candidate-refused;untagged-structure-tree-absent	143650	0.016
odl-bench	01030000000129.pdf	1		0			1	1	0	0	0	0	complete	backend-xref-strict-20-byte;form-xobject-text-not-descended;geometry-absent-not-groundable;image-payload-not-embedded;low-contrast-not-detected;markdown-table-spans-flattened;page-raster-not-emitted;predefined-cmaps-not-vendored;reading-order-geometric-only;undrawn-table-edges-not-supplied;unruled-table-candidate-refused;untagged-structure-tree-absent	343127	0.020
odl-bench	01030000000130.pdf	1		0			1	1	0	0	0	0	complete	backend-xref-strict-20-byte;form-xobject-text-not-descended;geometry-absent-not-groundable;image-payload-not-embedded;low-contrast-not-detected;markdown-table-spans-flattened;non-text-nodes-not-projected;page-raster-not-emitted;predefined-cmaps-not-vendored;reading-order-geometric-only;undrawn-table-edges-not-supplied;unruled-table-candidate-refused;untagged-structure-tree-absent	168517	0.016
odl-bench	01030000000131.pdf	1		0			1	1	0	0	0	0	complete	backend-xref-strict-20-byte;form-xobject-text-not-descended;geometry-absent-not-groundable;image-payload-not-embedded;low-contrast-not-detected;markdown-table-spans-flattened;non-text-nodes-not-projected;page-raster-not-emitted;predefined-cmaps-not-vendored;reading-order-geometric-only;undrawn-table-edges-not-supplied;unruled-table-candidate-refused;untagged-structure-tree-absent	143202	0.015
odl-bench	01030000000132.pdf	1		0			1	1	0	0	0	0	complete	backend-xref-strict-20-byte;form-xobject-text-not-descended;geometry-absent-not-groundable;image-payload-not-embedded;low-contrast-not-detected;markdown-table-spans-flattened;non-text-nodes-not-projected;page-raster-not-emitted;predefined-cmaps-not-vendored;reading-order-geometric-only;undrawn-table-edges-not-supplied;unruled-table-candidate-refused;untagged-structure-tree-absent	269993	0.017
odl-bench	01030000000133.pdf	1		0			1	1	0	0	0	0	complete	backend-xref-strict-20-byte;broken-font-encoding;form-xobject-text-not-descended;geometry-absent-not-groundable;image-payload-not-embedded;low-contrast-not-detected;markdown-table-spans-flattened;non-text-nodes-not-projected;page-raster-not-emitted;predefined-cmaps-not-vendored;reading-order-geometric-only;undrawn-table-edges-not-supplied;unruled-table-candidate-refused;untagged-structure-tree-absent	435666	0.020
odl-bench	01030000000134.pdf	1		0			1	1	0	0	0	0	complete	backend-xref-strict-20-byte;form-xobject-text-not-descended;geometry-absent-not-groundable;image-payload-not-embedded;low-contrast-not-detected;markdown-table-spans-flattened;non-text-nodes-not-projected;page-raster-not-emitted;predefined-cmaps-not-vendored;reading-order-geometric-only;undrawn-table-edges-not-supplied;unruled-table-candidate-refused;untagged-structure-tree-absent	112674	0.016
odl-bench	01030000000135.pdf	0		0			1	1	0	0	0	0	complete	backend-xref-strict-20-byte;form-xobject-text-not-descended;geometry-absent-not-groundable;image-payload-not-embedded;low-contrast-not-detected;markdown-table-spans-flattened;page-raster-not-emitted;predefined-cmaps-not-vendored;reading-order-geometric-only;undrawn-table-edges-not-supplied;unruled-table-candidate-refused;untagged-structure-tree-absent	494512	0.021
odl-bench	01030000000136.pdf	1		0			1	1	0	0	0	0	complete	backend-xref-strict-20-byte;form-xobject-text-not-descended;geometry-absent-not-groundable;image-payload-not-embedded;low-contrast-not-detected;markdown-table-spans-flattened;non-text-nodes-not-projected;page-raster-not-emitted;predefined-cmaps-not-vendored;reading-order-geometric-only;undrawn-table-edges-not-supplied;unruled-table-candidate-refused;untagged-structure-tree-absent	133012	0.015
odl-bench	01030000000137.pdf	1		0			1	1	0	0	0	0	complete	backend-xref-strict-20-byte;form-xobject-text-not-descended;geometry-absent-not-groundable;image-payload-not-embedded;low-contrast-not-detected;markdown-table-spans-flattened;non-text-nodes-not-projected;page-raster-not-emitted;predefined-cmaps-not-vendored;reading-order-geometric-only;undrawn-table-edges-not-supplied;unruled-table-candidate-refused;untagged-structure-tree-absent	309401	0.018
odl-bench	01030000000138.pdf	1		0			1	1	0	0	0	0	complete	backend-xref-strict-20-byte;form-xobject-text-not-descended;geometry-absent-not-groundable;image-payload-not-embedded;low-contrast-not-detected;markdown-table-spans-flattened;non-text-nodes-not-projected;page-raster-not-emitted;predefined-cmaps-not-vendored;reading-order-geometric-only;undrawn-table-edges-not-supplied;unruled-table-candidate-refused;untagged-structure-tree-absent	380395	0.020
odl-bench	01030000000139.pdf	1		0			1	1	0	0	0	0	complete	backend-xref-strict-20-byte;form-xobject-text-not-descended;geometry-absent-not-groundable;image-payload-not-embedded;low-contrast-not-detected;markdown-table-spans-flattened;non-text-nodes-not-projected;page-raster-not-emitted;predefined-cmaps-not-vendored;reading-order-geometric-only;undrawn-table-edges-not-supplied;unruled-table-candidate-refused;untagged-structure-tree-absent	336381	0.023
odl-bench	01030000000140.pdf	1		0			1	1	0	0	0	0	complete	backend-xref-strict-20-byte;form-xobject-text-not-descended;geometry-absent-not-groundable;image-payload-not-embedded;low-contrast-not-detected;markdown-table-spans-flattened;non-text-nodes-not-projected;page-raster-not-emitted;predefined-cmaps-not-vendored;reading-order-geometric-only;undrawn-table-edges-not-supplied;unruled-table-candidate-refused;untagged-structure-tree-absent	384004	0.022
odl-bench	01030000000141.pdf	1		0			1	1	0	0	0	0	complete	backend-xref-strict-20-byte;form-xobject-text-not-descended;geometry-absent-not-groundable;image-payload-not-embedded;low-contrast-not-detected;markdown-table-spans-flattened;non-text-nodes-not-projected;page-raster-not-emitted;predefined-cmaps-not-vendored;reading-order-geometric-only;ruled-table-candidate-refused;undrawn-table-edges-not-supplied;untagged-structure-tree-absent	14952	0.107
odl-bench	01030000000142.pdf	0		0			1	1	0	0	0	0	complete	backend-xref-strict-20-byte;broken-font-encoding;form-xobject-text-not-descended;image-payload-not-embedded;inline-images-not-emitted;low-contrast-not-detected;markdown-table-spans-flattened;page-raster-not-emitted;predefined-cmaps-not-vendored;reading-order-geometric-only;undrawn-table-edges-not-supplied;unruled-table-candidate-refused;untagged-structure-tree-absent	1140616	0.033
odl-bench	01030000000143.pdf	0		0			1	1	0	0	0	0	complete	backend-xref-strict-20-byte;form-xobject-text-not-descended;image-payload-not-embedded;inline-images-not-emitted;low-contrast-not-detected;markdown-table-spans-flattened;page-raster-not-emitted;predefined-cmaps-not-vendored;reading-order-geometric-only;undrawn-table-edges-not-supplied;unruled-table-candidate-refused;untagged-structure-tree-absent	866611	0.030
odl-bench	01030000000144.pdf	0		0			1	1	0	0	0	0	complete	backend-xref-strict-20-byte;form-xobject-text-not-descended;image-payload-not-embedded;inline-images-not-emitted;low-contrast-not-detected;markdown-table-spans-flattened;page-raster-not-emitted;predefined-cmaps-not-vendored;reading-order-geometric-only;undrawn-table-edges-not-supplied;unruled-table-candidate-refused;untagged-structure-tree-absent	694742	0.026
odl-bench	01030000000145.pdf	0		0			1	1	0	0	0	0	complete	backend-xref-strict-20-byte;broken-font-encoding;form-xobject-text-not-descended;image-payload-not-embedded;inline-images-not-emitted;low-contrast-not-detected;markdown-table-spans-flattened;page-raster-not-emitted;predefined-cmaps-not-vendored;reading-order-geometric-only;undrawn-table-edges-not-supplied;unruled-table-candidate-refused;untagged-structure-tree-absent	500853	0.022
odl-bench	01030000000146.pdf	1		0			1	1	0	0	0	0	complete	backend-xref-strict-20-byte;composite-font-codes-from-tounicode;form-xobject-text-not-descended;geometry-absent-not-groundable;image-payload-not-embedded;low-contrast-not-detected;markdown-table-spans-flattened;non-text-nodes-not-projected;page-raster-not-emitted;predefined-cmaps-not-vendored;reading-order-geometric-only;ruled-table-candidate-refused;undrawn-table-edges-not-supplied;unruled-table-candidate-refused;untagged-structure-tree-absent	564873	0.024
odl-bench	01030000000147.pdf	1		0			1	1	0	0	0	0	complete	backend-xref-strict-20-byte;form-xobject-text-not-descended;geometry-absent-not-groundable;image-payload-not-embedded;low-contrast-not-detected;markdown-table-spans-flattened;non-text-nodes-not-projected;page-raster-not-emitted;predefined-cmaps-not-vendored;reading-order-geometric-only;ruled-table-candidate-refused;undrawn-table-edges-not-supplied;unruled-table-candidate-refused;untagged-structure-tree-absent	451890	0.023
odl-bench	01030000000148.pdf	1		0			1	1	0	0	0	0	complete	backend-xref-strict-20-byte;composite-font-codes-from-tounicode;form-xobject-text-not-descended;geometry-absent-not-groundable;image-payload-not-embedded;low-contrast-not-detected;markdown-table-spans-flattened;non-text-nodes-not-projected;page-raster-not-emitted;predefined-cmaps-not-vendored;reading-order-geometric-only;ruled-table-candidate-refused;undrawn-table-edges-not-supplied;unruled-table-candidate-refused;untagged-structure-tree-absent	271111	0.020
odl-bench	01030000000149.pdf	1		0			1	1	0	0	0	0	complete	backend-xref-strict-20-byte;composite-font-codes-from-tounicode;form-xobject-text-not-descended;geometry-absent-not-groundable;image-payload-not-embedded;low-contrast-not-detected;markdown-table-spans-flattened;non-text-nodes-not-projected;page-raster-not-emitted;predefined-cmaps-not-vendored;reading-order-geometric-only;ruled-table-candidate-refused;undrawn-table-edges-not-supplied;unruled-table-candidate-refused;untagged-structure-tree-absent	206054	0.019
odl-bench	01030000000150.pdf	1		0			1	1	0	0	0	0	complete	backend-xref-strict-20-byte;composite-font-codes-from-tounicode;form-xobject-text-not-descended;geometry-absent-not-groundable;image-payload-not-embedded;low-contrast-not-detected;markdown-table-spans-flattened;non-text-nodes-not-projected;page-raster-not-emitted;predefined-cmaps-not-vendored;reading-order-geometric-only;ruled-table-candidate-refused;undrawn-table-edges-not-supplied;unruled-table-candidate-refused;untagged-structure-tree-absent	302521	0.020
odl-bench	01030000000151.pdf	1		0			1	1	0	0	0	0	complete	backend-xref-strict-20-byte;broken-font-encoding;form-xobject-text-not-descended;geometry-absent-not-groundable;image-payload-not-embedded;low-contrast-not-detected;markdown-table-spans-flattened;non-text-nodes-not-projected;page-raster-not-emitted;predefined-cmaps-not-vendored;reading-order-geometric-only;undrawn-table-edges-not-supplied;unruled-table-candidate-refused;untagged-structure-tree-absent	152348	0.016
odl-bench	01030000000152.pdf	1		0			1	1	0	0	0	0	complete	backend-xref-strict-20-byte;broken-font-encoding;form-xobject-text-not-descended;geometry-absent-not-groundable;image-payload-not-embedded;low-contrast-not-detected;markdown-table-spans-flattened;non-text-nodes-not-projected;page-raster-not-emitted;predefined-cmaps-not-vendored;reading-order-geometric-only;undrawn-table-edges-not-supplied;unruled-table-candidate-refused;untagged-structure-tree-absent	165964	0.017
odl-bench	01030000000153.pdf	0		0			1	1	0	0	0	0	complete	backend-xref-strict-20-byte;broken-font-encoding;form-xobject-text-not-descended;geometry-absent-not-groundable;image-payload-not-embedded;low-contrast-not-detected;markdown-table-spans-flattened;non-text-nodes-not-projected;page-raster-not-emitted;predefined-cmaps-not-vendored;reading-order-geometric-only;undrawn-table-edges-not-supplied;unruled-table-candidate-refused;untagged-structure-tree-absent	197292	0.019
odl-bench	01030000000154.pdf	1		0			1	1	0	0	0	0	complete	backend-xref-strict-20-byte;broken-font-encoding;form-xobject-text-not-descended;geometry-absent-not-groundable;image-payload-not-embedded;low-contrast-not-detected;markdown-table-spans-flattened;non-text-nodes-not-projected;page-raster-not-emitted;predefined-cmaps-not-vendored;reading-order-geometric-only;undrawn-table-edges-not-supplied;unruled-table-candidate-refused;untagged-structure-tree-absent	83093	0.015
odl-bench	01030000000155.pdf	0		0			1	1	0	0	0	0	complete	backend-xref-strict-20-byte;form-xobject-text-not-descended;geometry-absent-not-groundable;image-payload-not-embedded;low-contrast-not-detected;markdown-table-spans-flattened;non-text-nodes-not-projected;page-raster-not-emitted;predefined-cmaps-not-vendored;reading-order-geometric-only;undrawn-table-edges-not-supplied;unruled-table-candidate-refused;untagged-structure-tree-absent	77331	0.016
odl-bench	01030000000156.pdf	0		0			1	1	0	0	0	0	complete	backend-xref-strict-20-byte;broken-font-encoding;form-xobject-text-not-descended;geometry-absent-not-groundable;image-payload-not-embedded;low-contrast-not-detected;markdown-table-spans-flattened;non-text-nodes-not-projected;page-raster-not-emitted;predefined-cmaps-not-vendored;reading-order-geometric-only;undrawn-table-edges-not-supplied;unruled-table-candidate-refused;untagged-structure-tree-absent	167379	0.016
odl-bench	01030000000157.pdf	0		0			1	1	0	0	0	0	complete	backend-xref-strict-20-byte;broken-font-encoding;form-xobject-text-not-descended;geometry-absent-not-groundable;image-payload-not-embedded;low-contrast-not-detected;markdown-table-spans-flattened;non-text-nodes-not-projected;page-raster-not-emitted;predefined-cmaps-not-vendored;reading-order-geometric-only;undrawn-table-edges-not-supplied;unruled-table-candidate-refused;untagged-structure-tree-absent	193680	0.016
odl-bench	01030000000158.pdf	0		0			1	1	0	0	0	0	complete	backend-xref-strict-20-byte;broken-font-encoding;form-xobject-text-not-descended;geometry-absent-not-groundable;image-payload-not-embedded;low-contrast-not-detected;markdown-table-spans-flattened;non-text-nodes-not-projected;page-raster-not-emitted;predefined-cmaps-not-vendored;reading-order-geometric-only;undrawn-table-edges-not-supplied;unruled-table-candidate-refused;untagged-structure-tree-absent	147018	0.017
odl-bench	01030000000159.pdf	0		0			1	1	0	0	0	0	complete	backend-xref-strict-20-byte;broken-font-encoding;form-xobject-text-not-descended;geometry-absent-not-groundable;image-payload-not-embedded;low-contrast-not-detected;markdown-table-spans-flattened;page-raster-not-emitted;predefined-cmaps-not-vendored;reading-order-geometric-only;undrawn-table-edges-not-supplied;unruled-table-candidate-refused;untagged-structure-tree-absent	239783	0.016
odl-bench	01030000000160.pdf	0		0			1	1	0	0	0	0	complete	backend-xref-strict-20-byte;broken-font-encoding;form-xobject-text-not-descended;geometry-absent-not-groundable;image-payload-not-embedded;low-contrast-not-detected;markdown-table-spans-flattened;page-raster-not-emitted;predefined-cmaps-not-vendored;reading-order-geometric-only;undrawn-table-edges-not-supplied;unruled-table-candidate-refused;untagged-structure-tree-absent	155806	0.015
odl-bench	01030000000161.pdf	0		0			1	1	0	0	0	0	complete	backend-xref-strict-20-byte;broken-font-encoding;form-xobject-text-not-descended;geometry-absent-not-groundable;image-payload-not-embedded;low-contrast-not-detected;markdown-table-spans-flattened;page-raster-not-emitted;predefined-cmaps-not-vendored;reading-order-geometric-only;undrawn-table-edges-not-supplied;unruled-table-candidate-refused;untagged-structure-tree-absent	174339	0.014
odl-bench	01030000000162.pdf	1		0			1	1	0	0	0	0	complete	backend-xref-strict-20-byte;broken-font-encoding;form-xobject-text-not-descended;geometry-absent-not-groundable;image-payload-not-embedded;low-contrast-not-detected;markdown-table-spans-flattened;non-text-nodes-not-projected;page-raster-not-emitted;predefined-cmaps-not-vendored;reading-order-geometric-only;undrawn-table-edges-not-supplied;unruled-table-candidate-refused;untagged-structure-tree-absent	145807	0.015
odl-bench	01030000000163.pdf	1		0			1	1	0	0	0	0	complete	backend-xref-strict-20-byte;composite-font-codes-from-tounicode;form-xobject-text-not-descended;form-xobjects-not-descended;geometry-absent-not-groundable;image-payload-not-embedded;low-contrast-not-detected;markdown-table-spans-flattened;non-text-nodes-not-projected;page-raster-not-emitted;predefined-cmaps-not-vendored;reading-order-geometric-only;ruled-table-candidate-refused;undrawn-table-edges-not-supplied;unruled-table-candidate-refused;untagged-structure-tree-absent	546827	0.023
odl-bench	01030000000164.pdf	0		0			1	1	0	0	0	0	complete	backend-xref-strict-20-byte;form-xobject-text-not-descended;geometry-absent-not-groundable;image-payload-not-embedded;low-contrast-not-detected;markdown-table-spans-flattened;page-raster-not-emitted;predefined-cmaps-not-vendored;reading-order-geometric-only;undrawn-table-edges-not-supplied;unruled-table-candidate-refused;untagged-structure-tree-absent	644450	0.023
odl-bench	01030000000165.pdf	1		0			1	1	0	0	0	0	complete	backend-xref-strict-20-byte;form-xobject-text-not-descended;geometry-absent-not-groundable;image-payload-not-embedded;low-contrast-not-detected;markdown-table-spans-flattened;non-text-nodes-not-projected;page-raster-not-emitted;predefined-cmaps-not-vendored;reading-order-geometric-only;undrawn-table-edges-not-supplied;unruled-table-candidate-refused;untagged-structure-tree-absent	200022	0.021
odl-bench	01030000000166.pdf	1		0			1	1	0	0	0	0	complete	backend-xref-strict-20-byte;broken-font-encoding;form-xobject-text-not-descended;geometry-absent-not-groundable;image-payload-not-embedded;low-contrast-not-detected;markdown-table-spans-flattened;non-text-nodes-not-projected;page-raster-not-emitted;predefined-cmaps-not-vendored;reading-order-geometric-only;undrawn-table-edges-not-supplied;unruled-table-candidate-refused;untagged-structure-tree-absent	181470	0.019
odl-bench	01030000000167.pdf	1		0			1	1	0	0	0	0	complete	backend-xref-strict-20-byte;form-xobject-text-not-descended;geometry-absent-not-groundable;image-payload-not-embedded;low-contrast-not-detected;markdown-table-spans-flattened;page-raster-not-emitted;predefined-cmaps-not-vendored;reading-order-geometric-only;undrawn-table-edges-not-supplied;unruled-table-candidate-refused;untagged-structure-tree-absent	414203	0.021
odl-bench	01030000000168.pdf	1		0			1	1	0	0	0	0	complete	backend-xref-strict-20-byte;form-xobject-text-not-descended;geometry-absent-not-groundable;image-payload-not-embedded;low-contrast-not-detected;markdown-table-spans-flattened;non-text-nodes-not-projected;page-raster-not-emitted;predefined-cmaps-not-vendored;reading-order-geometric-only;undrawn-table-edges-not-supplied;unruled-table-candidate-refused;untagged-structure-tree-absent	292057	0.022
odl-bench	01030000000169.pdf	1		0			1	1	0	0	0	0	complete	backend-xref-strict-20-byte;form-xobject-text-not-descended;geometry-absent-not-groundable;image-payload-not-embedded;low-contrast-not-detected;markdown-table-spans-flattened;non-text-nodes-not-projected;page-raster-not-emitted;predefined-cmaps-not-vendored;reading-order-geometric-only;undrawn-table-edges-not-supplied;unruled-table-candidate-refused;untagged-structure-tree-absent	250979	0.020
odl-bench	01030000000170.pdf	1		0			1	1	0	0	0	0	complete	backend-xref-strict-20-byte;form-xobject-text-not-descended;geometry-absent-not-groundable;image-payload-not-embedded;low-contrast-not-detected;markdown-table-spans-flattened;non-text-nodes-not-projected;page-raster-not-emitted;predefined-cmaps-not-vendored;reading-order-geometric-only;undrawn-table-edges-not-supplied;unruled-table-candidate-refused;untagged-structure-tree-absent	253338	0.017
odl-bench	01030000000171.pdf	0		0			1	1	0	0	0	0	complete	backend-xref-strict-20-byte;form-xobject-text-not-descended;geometry-absent-not-groundable;image-payload-not-embedded;low-contrast-not-detected;markdown-table-spans-flattened;non-text-nodes-not-projected;page-raster-not-emitted;predefined-cmaps-not-vendored;reading-order-geometric-only;undrawn-table-edges-not-supplied;unruled-table-candidate-refused;untagged-structure-tree-absent	172958	0.017
odl-bench	01030000000172.pdf	0		0			1	1	0	0	0	0	complete	backend-xref-strict-20-byte;form-xobject-text-not-descended;geometry-absent-not-groundable;image-payload-not-embedded;low-contrast-not-detected;markdown-table-spans-flattened;non-text-nodes-not-projected;page-raster-not-emitted;predefined-cmaps-not-vendored;reading-order-geometric-only;undrawn-table-edges-not-supplied;unruled-table-candidate-refused;untagged-structure-tree-absent	231444	0.018
odl-bench	01030000000173.pdf	1		0			1	1	0	0	0	0	complete	backend-xref-strict-20-byte;form-xobject-text-not-descended;geometry-absent-not-groundable;image-payload-not-embedded;low-contrast-not-detected;markdown-table-spans-flattened;non-text-nodes-not-projected;page-raster-not-emitted;predefined-cmaps-not-vendored;reading-order-geometric-only;undrawn-table-edges-not-supplied;unruled-table-candidate-refused;untagged-structure-tree-absent	109560	0.016
odl-bench	01030000000174.pdf	1		0			1	1	0	0	0	0	complete	backend-xref-strict-20-byte;broken-font-encoding;form-xobject-text-not-descended;geometry-absent-not-groundable;image-payload-not-embedded;low-contrast-not-detected;markdown-table-spans-flattened;non-text-nodes-not-projected;page-raster-not-emitted;predefined-cmaps-not-vendored;reading-order-geometric-only;undrawn-table-edges-not-supplied;unruled-table-candidate-refused;untagged-structure-tree-absent	130638	0.017
odl-bench	01030000000175.pdf	1		0			1	1	0	0	0	0	complete	backend-xref-strict-20-byte;form-xobject-text-not-descended;geometry-absent-not-groundable;image-payload-not-embedded;low-contrast-not-detected;markdown-table-spans-flattened;non-text-nodes-not-projected;page-raster-not-emitted;predefined-cmaps-not-vendored;reading-order-geometric-only;undrawn-table-edges-not-supplied;unruled-table-candidate-refused;untagged-structure-tree-absent	174854	0.017
odl-bench	01030000000176.pdf	1		0			1	1	0	0	0	0	complete	backend-xref-strict-20-byte;form-xobject-text-not-descended;geometry-absent-not-groundable;image-payload-not-embedded;low-contrast-not-detected;markdown-table-spans-flattened;non-text-nodes-not-projected;page-raster-not-emitted;predefined-cmaps-not-vendored;reading-order-geometric-only;undrawn-table-edges-not-supplied;unruled-table-candidate-refused;untagged-structure-tree-absent	196021	0.018
odl-bench	01030000000177.pdf	1		0			1	1	0	0	0	0	complete	backend-xref-strict-20-byte;form-xobject-text-not-descended;geometry-absent-not-groundable;image-payload-not-embedded;low-contrast-not-detected;markdown-table-spans-flattened;non-text-nodes-not-projected;page-raster-not-emitted;predefined-cmaps-not-vendored;reading-order-geometric-only;undrawn-table-edges-not-supplied;unruled-table-candidate-refused;untagged-structure-tree-absent	207231	0.018
odl-bench	01030000000178.pdf	1		0			1	1	0	0	0	0	complete	backend-xref-strict-20-byte;form-xobject-text-not-descended;geometry-absent-not-groundable;image-payload-not-embedded;low-contrast-not-detected;markdown-table-spans-flattened;non-text-nodes-not-projected;page-raster-not-emitted;predefined-cmaps-not-vendored;reading-order-geometric-only;undrawn-table-edges-not-supplied;unruled-table-candidate-refused;untagged-structure-tree-absent	240730	0.018
odl-bench	01030000000179.pdf	1		0			1	1	0	0	0	0	complete	backend-xref-strict-20-byte;form-xobject-text-not-descended;geometry-absent-not-groundable;image-payload-not-embedded;low-contrast-not-detected;markdown-table-spans-flattened;non-text-nodes-not-projected;page-raster-not-emitted;predefined-cmaps-not-vendored;reading-order-geometric-only;undrawn-table-edges-not-supplied;unruled-table-candidate-refused;untagged-structure-tree-absent	113014	0.016
odl-bench	01030000000180.pdf	0		0			1	1	0	0	0	0	complete	backend-xref-strict-20-byte;form-xobject-text-not-descended;geometry-absent-not-groundable;image-payload-not-embedded;low-contrast-not-detected;markdown-table-spans-flattened;non-text-nodes-not-projected;page-raster-not-emitted;predefined-cmaps-not-vendored;reading-order-geometric-only;undrawn-table-edges-not-supplied;unruled-table-candidate-refused;untagged-structure-tree-absent	111053	0.016
odl-bench	01030000000181.pdf	0		0			1	1	0	0	0	0	complete	backend-xref-strict-20-byte;form-xobject-text-not-descended;geometry-absent-not-groundable;image-payload-not-embedded;low-contrast-not-detected;markdown-table-spans-flattened;page-raster-not-emitted;predefined-cmaps-not-vendored;reading-order-geometric-only;undrawn-table-edges-not-supplied;unruled-table-candidate-refused;untagged-structure-tree-absent	164870	0.017
odl-bench	01030000000182.pdf	0		0			1	1	0	0	0	0	complete	backend-xref-strict-20-byte;form-xobject-text-not-descended;geometry-absent-not-groundable;image-payload-not-embedded;low-contrast-not-detected;markdown-table-spans-flattened;page-raster-not-emitted;predefined-cmaps-not-vendored;reading-order-geometric-only;undrawn-table-edges-not-supplied;unruled-table-candidate-refused;untagged-structure-tree-absent	495672	0.022
odl-bench	01030000000183.pdf	1		0			1	1	0	0	0	0	complete	backend-xref-strict-20-byte;form-xobject-text-not-descended;geometry-absent-not-groundable;image-payload-not-embedded;low-contrast-not-detected;markdown-table-spans-flattened;non-text-nodes-not-projected;page-raster-not-emitted;predefined-cmaps-not-vendored;reading-order-geometric-only;ruled-table-candidate-refused;undrawn-table-edges-not-supplied;unruled-table-candidate-refused;untagged-structure-tree-absent	314969	0.020
odl-bench	01030000000184.pdf	1		0			1	1	0	0	0	0	complete	backend-xref-strict-20-byte;form-xobject-text-not-descended;geometry-absent-not-groundable;image-payload-not-embedded;low-contrast-not-detected;markdown-table-spans-flattened;non-text-nodes-not-projected;page-raster-not-emitted;predefined-cmaps-not-vendored;reading-order-geometric-only;undrawn-table-edges-not-supplied;unruled-table-candidate-refused;untagged-structure-tree-absent	326946	0.020
odl-bench	01030000000185.pdf	1		0			1	1	0	0	0	0	complete	backend-xref-strict-20-byte;form-xobject-text-not-descended;geometry-absent-not-groundable;image-payload-not-embedded;low-contrast-not-detected;markdown-table-spans-flattened;non-text-nodes-not-projected;page-raster-not-emitted;predefined-cmaps-not-vendored;reading-order-geometric-only;undrawn-table-edges-not-supplied;unruled-table-candidate-refused;untagged-structure-tree-absent	395952	0.019
odl-bench	01030000000186.pdf	1		0			1	1	0	0	0	0	complete	backend-xref-strict-20-byte;form-xobject-text-not-descended;geometry-absent-not-groundable;image-payload-not-embedded;low-contrast-not-detected;markdown-table-spans-flattened;non-text-nodes-not-projected;page-raster-not-emitted;predefined-cmaps-not-vendored;reading-order-geometric-only;undrawn-table-edges-not-supplied;unruled-table-candidate-refused;untagged-structure-tree-absent	323672	0.019
odl-bench	01030000000187.pdf	1		0			1	1	0	0	0	0	complete	backend-xref-strict-20-byte;form-xobject-text-not-descended;geometry-absent-not-groundable;image-payload-not-embedded;low-contrast-not-detected;markdown-table-spans-flattened;non-text-nodes-not-projected;page-raster-not-emitted;predefined-cmaps-not-vendored;reading-order-geometric-only;undrawn-table-edges-not-supplied;unruled-table-candidate-refused;untagged-structure-tree-absent	378420	0.020
odl-bench	01030000000188.pdf	1		0			1	1	0	0	0	0	complete	backend-xref-strict-20-byte;form-xobject-text-not-descended;geometry-absent-not-groundable;image-payload-not-embedded;low-contrast-not-detected;markdown-table-spans-flattened;non-text-nodes-not-projected;page-raster-not-emitted;predefined-cmaps-not-vendored;reading-order-geometric-only;undrawn-table-edges-not-supplied;unruled-table-candidate-refused;untagged-structure-tree-absent	410828	0.021
odl-bench	01030000000189.pdf	1		0			1	1	0	0	0	0	complete	backend-xref-strict-20-byte;form-xobject-text-not-descended;geometry-absent-not-groundable;image-payload-not-embedded;low-contrast-not-detected;markdown-table-spans-flattened;non-text-nodes-not-projected;page-raster-not-emitted;predefined-cmaps-not-vendored;reading-order-geometric-only;undrawn-table-edges-not-supplied;unruled-table-candidate-refused;untagged-structure-tree-absent	398897	0.020
odl-bench	01030000000190.pdf	1		0			1	1	0	0	0	0	complete	backend-xref-strict-20-byte;form-xobject-text-not-descended;geometry-absent-not-groundable;image-payload-not-embedded;low-contrast-not-detected;markdown-table-spans-flattened;non-text-nodes-not-projected;page-raster-not-emitted;predefined-cmaps-not-vendored;reading-order-geometric-only;undrawn-table-edges-not-supplied;unruled-table-candidate-refused;untagged-structure-tree-absent	428424	0.020
odl-bench	01030000000191.pdf	0		0			1	1	0	0	0	0	complete	backend-xref-strict-20-byte;form-xobject-text-not-descended;image-payload-not-embedded;low-contrast-not-detected;markdown-table-spans-flattened;page-raster-not-emitted;predefined-cmaps-not-vendored;reading-order-geometric-only;undrawn-table-edges-not-supplied;unruled-table-candidate-refused;untagged-structure-tree-absent	390027	0.019
odl-bench	01030000000192.pdf	1		0			1	1	0	0	0	0	complete	backend-xref-strict-20-byte;form-xobject-text-not-descended;geometry-absent-not-groundable;image-payload-not-embedded;low-contrast-not-detected;markdown-table-spans-flattened;non-text-nodes-not-projected;page-raster-not-emitted;predefined-cmaps-not-vendored;reading-order-geometric-only;undrawn-table-edges-not-supplied;unruled-table-candidate-refused;untagged-structure-tree-absent	419422	0.019
odl-bench	01030000000193.pdf	1		0			1	1	0	0	0	0	complete	backend-xref-strict-20-byte;form-xobject-text-not-descended;geometry-absent-not-groundable;image-payload-not-embedded;low-contrast-not-detected;markdown-table-spans-flattened;non-text-nodes-not-projected;page-raster-not-emitted;predefined-cmaps-not-vendored;reading-order-geometric-only;undrawn-table-edges-not-supplied;unruled-table-candidate-refused;untagged-structure-tree-absent	422890	0.020
odl-bench	01030000000194.pdf	0		0			1	1	0	0	0	0	complete	backend-xref-strict-20-byte;form-xobject-text-not-descended;image-payload-not-embedded;low-contrast-not-detected;markdown-table-spans-flattened;page-raster-not-emitted;predefined-cmaps-not-vendored;reading-order-geometric-only;undrawn-table-edges-not-supplied;unruled-table-candidate-refused;untagged-structure-tree-absent	322287	0.019
odl-bench	01030000000195.pdf	1		0			1	1	0	0	0	0	complete	backend-xref-strict-20-byte;form-xobject-text-not-descended;geometry-absent-not-groundable;image-payload-not-embedded;low-contrast-not-detected;markdown-table-spans-flattened;non-text-nodes-not-projected;page-raster-not-emitted;predefined-cmaps-not-vendored;reading-order-geometric-only;undrawn-table-edges-not-supplied;unruled-table-candidate-refused;untagged-structure-tree-absent	406736	0.019
odl-bench	01030000000196.pdf	1		0			1	1	0	0	0	0	complete	backend-xref-strict-20-byte;form-xobject-text-not-descended;geometry-absent-not-groundable;image-payload-not-embedded;low-contrast-not-detected;markdown-table-spans-flattened;non-text-nodes-not-projected;page-raster-not-emitted;predefined-cmaps-not-vendored;reading-order-geometric-only;undrawn-table-edges-not-supplied;unruled-table-candidate-refused;untagged-structure-tree-absent	424563	0.019
odl-bench	01030000000197.pdf	1		0			1	1	0	0	0	0	complete	backend-xref-strict-20-byte;form-xobject-text-not-descended;geometry-absent-not-groundable;image-payload-not-embedded;low-contrast-not-detected;markdown-table-spans-flattened;non-text-nodes-not-projected;page-raster-not-emitted;predefined-cmaps-not-vendored;reading-order-geometric-only;undrawn-table-edges-not-supplied;unruled-table-candidate-refused;untagged-structure-tree-absent	126155	0.015
odl-bench	01030000000198.pdf	1		0			1	1	0	0	0	0	complete	backend-xref-strict-20-byte;composite-font-codes-from-tounicode;form-xobject-text-not-descended;geometry-absent-not-groundable;image-payload-not-embedded;low-contrast-not-detected;markdown-table-spans-flattened;non-text-nodes-not-projected;page-raster-not-emitted;predefined-cmaps-not-vendored;reading-order-geometric-only;ruled-table-candidate-refused;undrawn-table-edges-not-supplied;unruled-table-candidate-refused;untagged-structure-tree-absent	32541	0.013
odl-bench	01030000000199.pdf	1		0			1	1	0	0	0	0	complete	backend-xref-strict-20-byte;composite-font-codes-from-tounicode;form-xobject-text-not-descended;geometry-absent-not-groundable;image-payload-not-embedded;low-contrast-not-detected;markdown-table-spans-flattened;non-text-nodes-not-projected;off-page-text;page-raster-not-emitted;predefined-cmaps-not-vendored;reading-order-geometric-only;ruled-table-candidate-refused;undrawn-table-edges-not-supplied;unruled-table-candidate-refused;untagged-structure-tree-absent	109206	0.017
odl-bench	01030000000200.pdf	1		0			1	1	0	0	0	0	complete	backend-xref-strict-20-byte;composite-font-codes-from-tounicode;form-xobject-text-not-descended;geometry-absent-not-groundable;image-payload-not-embedded;low-contrast-not-detected;markdown-table-spans-flattened;non-text-nodes-not-projected;page-raster-not-emitted;predefined-cmaps-not-vendored;reading-order-geometric-only;ruled-table-candidate-refused;undrawn-table-edges-not-supplied;unruled-table-candidate-refused;untagged-structure-tree-absent	194579	0.016
